{
  "label": "Grouping",
  "key": "grouping",
  "type": "fieldset",
  "input": false,
  "tableView": false,
  "components": [
    {
      "label": "New",
      "hideLabel": false,
      "key": "new1",
      "type": "radio",
      "input": true,
      "tableView": false,
      "reportable": true,
      "validate": {
        "required": true
      },
      "inline": true,
      "optionsLabelPosition": "right",
      "values": [
        {
          "label": "1",
          "value": "1",
          "shortcut": "",
          "flag": ""
        },
        {
          "label": "2",
          "value": "2",
          "shortcut": "",
          "flag": ""
        },
        {
          "label": "3",
          "value": "3",
          "shortcut": "",
          "flag": ""
        }
      ]
    }
  ]
}