{
  "label": "Grouping",
  "key": "grouping",
  "type": "fieldset",
  "input": false,
  "tableView": false,
  "components": [
    {
      "label": "General",
      "hideLabel": false,
      "key": "general",
      "type": "fieldset",
      "input": false,
      "tableView": false,
      "reportable": true,
      "validate": {
        "required": false
      },
      "legend": "General",
      "components": [
        {
          "label": "Next",
          "hideLabel": false,
          "key": "next",
          "type": "textarea",
          "input": true,
          "tableView": true,
          "reportable": true,
          "validate": {
            "required": true
          },
          "rows": 1,
          "labelWidth": 30,
          "labelMargin": 3,
          "autoExpand": true
        },
        {
          "label": "Feel",
          "hideLabel": false,
          "key": "feel",
          "type": "textarea",
          "input": true,
          "tableView": true,
          "reportable": true,
          "validate": {
            "required": true
          },
          "rows": 1,
          "labelWidth": 30,
          "labelMargin": 3,
          "autoExpand": true
        },
        {
          "label": "Safety Items",
          "labelWidth": 30,
          "labelMargin": 3,
          "hideLabel": false,
          "tableView": true,
          "reportable": true,
          "questions": [
            {
              "label": "All machine guarding in place and secure",
              "value": "allMachineGuardingInPlaceAndSecure"
            },
            {
              "label": "Slip, trip, and falls",
              "value": "slipTripAndFalls"
            },
            {
              "label": "Hoses rolled up",
              "value": "hosesRolledUp"
            },
            {
              "label": "Tools stored properly",
              "value": "toolsStoredProperly"
            },
            {
              "label": "Catwalks and platforms clean",
              "value": "catwalksAndPlatformsClean"
            },
            {
              "label": "Liquid spills cleaned up",
              "value": "liquidSpillsCleanedUp"
            },
            {
              "label": "No water or air leaks",
              "value": "noWaterOrAirLeaks"
            },
            {
              "label": "Lighting is functioning properly",
              "value": "lightingIsFunctioningProperly"
            },
            {
              "label": "Ladders and stairs clear and clean",
              "value": "laddersAndStairsClearAndClean"
            },
            {
              "label": "Material build-up on the ground",
              "value": "materialBuildUpOnTheGround"
            },
            {
              "label": "Slump Stand operating properly",
              "value": "slumpStandOperatingProperly"
            },
            {
              "label": "Electrical disconnects / panel boxes closed and labeled",
              "value": "electricalDisconnectsPanelBoxesClosedAndLabeled"
            }
          ],
          "values": [
            {
              "label": "Pass",
              "value": "pass",
              "tooltip": "",
              "flag": "success"
            },
            {
              "label": "Fail",
              "value": "fail",
              "tooltip": "",
              "flag": "danger"
            },
            {
              "label": "NA",
              "value": "na",
              "tooltip": "",
              "flag": ""
            }
          ],
          "validate": {
            "required": true
          },
          "key": "safetyitems",
          "type": "survey",
          "input": true
        },
        {
          "label": "Maintenance Items:",
          "hideLabel": false,
          "key": "maintenanceitems",
          "type": "radio",
          "input": true,
          "tableView": false,
          "reportable": true,
          "validate": {
            "required": true
          },
          "inline": true,
          "optionsLabelPosition": "right",
          "values": [
            {
              "label": "Pass",
              "value": "pass",
              "shortcut": "",
              "flag": ""
            },
            {
              "label": "Fail",
              "value": "fail",
              "shortcut": "",
              "flag": ""
            },
            {
              "label": "N/A",
              "value": "nA",
              "shortcut": "",
              "flag": ""
            }
          ],
          "_actionsDriverKey": "actions"
        },
        {
          "label": "Comments",
          "labelWidth": 30,
          "labelMargin": 3,
          "autoExpand": true,
          "tableView": true,
          "reportable": true,
          "validate": {
            "required": true
          },
          "key": "comments",
          "type": "textarea",
          "input": true,
          "conditional": {
            "show": true,
            "when": "actions",
            "eq": "comments"
          }
        },
        {
          "label": "Photos",
          "labelWidth": 30,
          "labelMargin": 3,
          "hideLabel": true,
          "tableView": false,
          "fileTypes": [
            {
              "label": "",
              "value": ""
            }
          ],
          "imageSize": "400",
          "key": "photos",
          "type": "file",
          "input": true,
          "validate": {
            "required": true
          },
          "conditional": {
            "show": true,
            "when": "actions",
            "eq": "photos"
          }
        },
        {
          "label": "Tasks",
          "key": "tasksgroup",
          "type": "fieldset",
          "input": false,
          "tableView": false,
          "hideLabel": true,
          "conditional": {
            "show": true,
            "when": "actions",
            "eq": "task"
          },
          "components": [
            {
              "label": "Tasks",
              "labelWidth": 30,
              "labelMargin": 3,
              "hideLabel": true,
              "tableView": false,
              "key": "tasks",
              "type": "tasks",
              "input": true,
              "defaultOpen": true,
              "data": {},
              "taskTriggers": [],
              "components": [
                {
                  "label": "Name",
                  "key": "title",
                  "type": "textfield",
                  "input": true,
                  "tableView": true,
                  "validate": {
                    "required": true
                  },
                  "labelWidth": 30,
                  "labelMargin": 3
                },
                {
                  "label": "Type",
                  "key": "type",
                  "type": "select",
                  "widget": "html5",
                  "input": true,
                  "tableView": true,
                  "validate": {
                    "required": true
                  },
                  "data": {
                    "values": [
                      {
                        "label": "Corrective",
                        "value": "corrective"
                      },
                      {
                        "label": "Preventive",
                        "value": "preventive"
                      },
                      {
                        "label": "Task",
                        "value": "task"
                      }
                    ]
                  },
                  "labelWidth": 30,
                  "labelMargin": 3
                },
                {
                  "label": "Priority",
                  "key": "priority",
                  "type": "select",
                  "widget": "html5",
                  "input": true,
                  "tableView": true,
                  "defaultValue": "low",
                  "validate": {
                    "required": true
                  },
                  "data": {
                    "values": [
                      {
                        "label": "Low",
                        "value": "low"
                      },
                      {
                        "label": "Medium",
                        "value": "medium"
                      },
                      {
                        "label": "High",
                        "value": "high"
                      }
                    ]
                  },
                  "labelWidth": 30,
                  "labelMargin": 3
                },
                {
                  "label": "Assigned To",
                  "key": "assignedTo",
                  "type": "account",
                  "widget": "choicesjs",
                  "multiple": true,
                  "input": true,
                  "tableView": true,
                  "validate": {
                    "required": true
                  },
                  "data": {
                    "values": []
                  },
                  "labelWidth": 30,
                  "labelMargin": 3
                }
              ]
            }
          ]
        },
        {
          "label": "Actions",
          "labelWidth": 30,
          "labelMargin": 3,
          "inline": true,
          "hideLabel": true,
          "optionsLabelPosition": "right",
          "tableView": false,
          "reportable": true,
          "key": "actions",
          "type": "selectboxes",
          "inputType": "checkbox",
          "input": true,
          "values": [
            {
              "label": "Comments",
              "value": "comments"
            },
            {
              "label": "Photos",
              "value": "photos"
            },
            {
              "label": "Task",
              "value": "task"
            }
          ],
          "defaultValue": {
            "comments": false,
            "photos": false,
            "task": false
          }
        }
      ]
    }
  ]
}