{
  "label": "Grouping",
  "key": "grouping",
  "type": "fieldset",
  "input": false,
  "tableView": false,
  "components": [
    {
      "html": "<p><blockquote><ol><li><strong>example</strong></li><li><i>example</i></li></ol><ul><li><i><strong>example</strong></i></li><li><i>example</i></li></ul></blockquote></p>",
      "label": "example",
      "labelWidth": 30,
      "labelMargin": 3,
      "refreshOnChange": false,
      "key": "example",
      "type": "content",
      "customType": "disclaimer",
      "input": false,
      "tableView": false,
      "validate": {
        "required": false
      }
    },
    {
      "label": "Text Area",
      "hideLabel": false,
      "key": "textarea1",
      "type": "textarea",
      "input": true,
      "tableView": true,
      "reportable": true,
      "validate": {
        "required": true
      },
      "rows": 1,
      "autoExpand": true,
      "labelWidth": 30,
      "labelMargin": 3
    },
    {
      "label": "Worker",
      "hideLabel": false,
      "key": "worker",
      "type": "account",
      "input": true,
      "tableView": true,
      "reportable": false,
      "validate": {
        "required": true
      },
      "widget": "choicesjs",
      "labelWidth": 30,
      "labelMargin": 3,
      "data": {
        "values": []
      }
    },
    {
      "label": "example",
      "hideLabel": false,
      "key": "example1",
      "type": "select",
      "input": true,
      "tableView": true,
      "reportable": true,
      "validate": {
        "required": true
      },
      "widget": "html5",
      "placeholder": "Tap & Select",
      "data": {
        "values": [
          {
            "label": "1",
            "value": "1",
            "flag": ""
          },
          {
            "label": "2",
            "value": "2",
            "flag": ""
          },
          {
            "label": "3",
            "value": "3",
            "flag": ""
          }
        ]
      }
    },
    {
      "label": "example",
      "hideLabel": false,
      "key": "example2",
      "type": "radio",
      "input": true,
      "tableView": false,
      "reportable": true,
      "validate": {
        "required": true
      },
      "inline": true,
      "optionsLabelPosition": "right",
      "values": [
        {
          "label": "Yes",
          "value": "yes",
          "shortcut": "",
          "flag": ""
        },
        {
          "label": "No",
          "value": "no",
          "shortcut": "",
          "flag": ""
        },
        {
          "label": "N/A",
          "value": "nA",
          "shortcut": "",
          "flag": ""
        }
      ]
    },
    {
      "label": "example",
      "hideLabel": false,
      "key": "example3",
      "type": "radio",
      "input": true,
      "tableView": false,
      "reportable": true,
      "validate": {
        "required": true
      },
      "inline": true,
      "optionsLabelPosition": "right",
      "values": [
        {
          "label": "Pass",
          "value": "pass",
          "shortcut": "",
          "flag": ""
        },
        {
          "label": "Fail",
          "value": "fail",
          "shortcut": "",
          "flag": ""
        },
        {
          "label": "N/A",
          "value": "nA",
          "shortcut": "",
          "flag": ""
        }
      ]
    },
    {
      "label": "example",
      "hideLabel": false,
      "key": "example4",
      "type": "radio",
      "input": true,
      "tableView": false,
      "reportable": true,
      "validate": {
        "required": true
      },
      "inline": true,
      "optionsLabelPosition": "right",
      "values": [
        {
          "label": "Safe",
          "value": "safe",
          "shortcut": "",
          "flag": ""
        },
        {
          "label": "At Risk",
          "value": "atRisk",
          "shortcut": "",
          "flag": ""
        },
        {
          "label": "N/A",
          "value": "nA",
          "shortcut": "",
          "flag": ""
        }
      ]
    },
    {
      "label": "example",
      "hideLabel": false,
      "key": "example5",
      "type": "selectboxes",
      "input": true,
      "tableView": false,
      "reportable": true,
      "validate": {
        "required": true
      },
      "inputType": "checkbox",
      "optionsLabelPosition": "right",
      "modalEdit": true,
      "values": [
        {
          "label": "a",
          "value": "a",
          "shortcut": "",
          "flag": ""
        },
        {
          "label": "b",
          "value": "b",
          "shortcut": "",
          "flag": ""
        },
        {
          "label": "c",
          "value": "c",
          "shortcut": "",
          "flag": ""
        }
      ],
      "_actionsDriverKey": "actions"
    },
    {
      "label": "Comments",
      "labelWidth": 30,
      "labelMargin": 3,
      "autoExpand": true,
      "tableView": true,
      "reportable": true,
      "validate": {
        "required": true
      },
      "key": "comments2",
      "type": "textarea",
      "input": true,
      "conditional": {
        "show": true,
        "when": "actions",
        "eq": "comments"
      }
    },
    {
      "label": "Photos",
      "labelWidth": 30,
      "labelMargin": 3,
      "hideLabel": true,
      "tableView": false,
      "fileTypes": [
        {
          "label": "",
          "value": ""
        }
      ],
      "imageSize": "400",
      "key": "photos2",
      "type": "file",
      "input": true,
      "validate": {
        "required": true
      },
      "conditional": {
        "show": true,
        "when": "actions",
        "eq": "photos"
      }
    },
    {
      "label": "Tasks",
      "key": "tasksgroup2",
      "type": "fieldset",
      "input": false,
      "tableView": false,
      "hideLabel": true,
      "conditional": {
        "show": true,
        "when": "actions",
        "eq": "task"
      },
      "components": [
        {
          "label": "Tasks",
          "labelWidth": 30,
          "labelMargin": 3,
          "hideLabel": true,
          "tableView": false,
          "key": "tasks2",
          "type": "tasks",
          "input": true,
          "defaultOpen": true,
          "data": {},
          "taskTriggers": [],
          "components": [
            {
              "label": "Name",
              "key": "title",
              "type": "textfield",
              "input": true,
              "tableView": true,
              "validate": {
                "required": true
              },
              "labelWidth": 30,
              "labelMargin": 3
            },
            {
              "label": "Type",
              "key": "type",
              "type": "select",
              "widget": "html5",
              "input": true,
              "tableView": true,
              "validate": {
                "required": true
              },
              "data": {
                "values": [
                  {
                    "label": "Corrective",
                    "value": "corrective"
                  },
                  {
                    "label": "Preventive",
                    "value": "preventive"
                  },
                  {
                    "label": "Task",
                    "value": "task"
                  }
                ]
              },
              "labelWidth": 30,
              "labelMargin": 3
            },
            {
              "label": "Priority",
              "key": "priority",
              "type": "select",
              "widget": "html5",
              "input": true,
              "tableView": true,
              "defaultValue": "low",
              "validate": {
                "required": true
              },
              "data": {
                "values": [
                  {
                    "label": "Low",
                    "value": "low"
                  },
                  {
                    "label": "Medium",
                    "value": "medium"
                  },
                  {
                    "label": "High",
                    "value": "high"
                  }
                ]
              },
              "labelWidth": 30,
              "labelMargin": 3
            },
            {
              "label": "Assigned To",
              "key": "assignedTo",
              "type": "account",
              "widget": "choicesjs",
              "multiple": true,
              "input": true,
              "tableView": true,
              "validate": {
                "required": true
              },
              "data": {
                "values": []
              },
              "labelWidth": 30,
              "labelMargin": 3
            }
          ]
        }
      ]
    },
    {
      "label": "Actions",
      "labelWidth": 30,
      "labelMargin": 3,
      "inline": true,
      "hideLabel": true,
      "optionsLabelPosition": "right",
      "tableView": false,
      "reportable": true,
      "key": "actions",
      "type": "selectboxes",
      "inputType": "checkbox",
      "input": true,
      "values": [
        {
          "label": "Comments",
          "value": "comments"
        },
        {
          "label": "Photos",
          "value": "photos"
        },
        {
          "label": "Task",
          "value": "task"
        }
      ],
      "defaultValue": {
        "comments": false,
        "photos": false,
        "task": false
      }
    },
    {
      "label": "example",
      "labelWidth": 30,
      "labelMargin": 3,
      "hideLabel": true,
      "tableView": true,
      "reportable": true,
      "questions": [
        {
          "label": "1",
          "value": "1"
        },
        {
          "label": "2",
          "value": "2"
        },
        {
          "label": "3",
          "value": "3"
        }
      ],
      "values": [
        {
          "label": "Safe",
          "value": "safe",
          "tooltip": "",
          "flag": ""
        },
        {
          "label": "At Risk",
          "value": "atRisk",
          "tooltip": "",
          "flag": ""
        },
        {
          "label": "NA",
          "value": "na",
          "tooltip": "",
          "flag": ""
        }
      ],
      "validate": {
        "required": true
      },
      "key": "example6",
      "type": "survey",
      "input": true,
      "_actionsDriverKey": "actions1"
    },
    {
      "label": "Comments",
      "labelWidth": 30,
      "labelMargin": 3,
      "autoExpand": true,
      "tableView": true,
      "reportable": true,
      "validate": {
        "required": true
      },
      "key": "comments3",
      "type": "textarea",
      "input": true,
      "conditional": {
        "show": true,
        "when": "actions1",
        "eq": "comments"
      }
    },
    {
      "label": "Photos",
      "labelWidth": 30,
      "labelMargin": 3,
      "hideLabel": true,
      "tableView": false,
      "fileTypes": [
        {
          "label": "",
          "value": ""
        }
      ],
      "imageSize": "400",
      "key": "photos3",
      "type": "file",
      "input": true,
      "validate": {
        "required": true
      },
      "conditional": {
        "show": true,
        "when": "actions1",
        "eq": "photos"
      }
    },
    {
      "label": "Tasks",
      "key": "tasksgroup3",
      "type": "fieldset",
      "input": false,
      "tableView": false,
      "hideLabel": true,
      "conditional": {
        "show": true,
        "when": "actions1",
        "eq": "task"
      },
      "components": [
        {
          "label": "Tasks",
          "labelWidth": 30,
          "labelMargin": 3,
          "hideLabel": true,
          "tableView": false,
          "key": "tasks3",
          "type": "tasks",
          "input": true,
          "defaultOpen": true,
          "data": {},
          "taskTriggers": [],
          "components": [
            {
              "label": "Name",
              "key": "title",
              "type": "textfield",
              "input": true,
              "tableView": true,
              "validate": {
                "required": true
              },
              "labelWidth": 30,
              "labelMargin": 3
            },
            {
              "label": "Type",
              "key": "type",
              "type": "select",
              "widget": "html5",
              "input": true,
              "tableView": true,
              "validate": {
                "required": true
              },
              "data": {
                "values": [
                  {
                    "label": "Corrective",
                    "value": "corrective"
                  },
                  {
                    "label": "Preventive",
                    "value": "preventive"
                  },
                  {
                    "label": "Task",
                    "value": "task"
                  }
                ]
              },
              "labelWidth": 30,
              "labelMargin": 3
            },
            {
              "label": "Priority",
              "key": "priority",
              "type": "select",
              "widget": "html5",
              "input": true,
              "tableView": true,
              "defaultValue": "low",
              "validate": {
                "required": true
              },
              "data": {
                "values": [
                  {
                    "label": "Low",
                    "value": "low"
                  },
                  {
                    "label": "Medium",
                    "value": "medium"
                  },
                  {
                    "label": "High",
                    "value": "high"
                  }
                ]
              },
              "labelWidth": 30,
              "labelMargin": 3
            },
            {
              "label": "Assigned To",
              "key": "assignedTo",
              "type": "account",
              "widget": "choicesjs",
              "multiple": true,
              "input": true,
              "tableView": true,
              "validate": {
                "required": true
              },
              "data": {
                "values": []
              },
              "labelWidth": 30,
              "labelMargin": 3
            }
          ]
        }
      ]
    },
    {
      "label": "Actions",
      "labelWidth": 30,
      "labelMargin": 3,
      "inline": true,
      "hideLabel": true,
      "optionsLabelPosition": "right",
      "tableView": false,
      "reportable": true,
      "key": "actions1",
      "type": "selectboxes",
      "inputType": "checkbox",
      "input": true,
      "values": [
        {
          "label": "Comments",
          "value": "comments"
        },
        {
          "label": "Photos",
          "value": "photos"
        },
        {
          "label": "Task",
          "value": "task"
        }
      ],
      "defaultValue": {
        "comments": false,
        "photos": false,
        "task": false
      }
    },
    {
      "label": "example",
      "labelWidth": 30,
      "labelMargin": 3,
      "hideLabel": true,
      "tableView": true,
      "reportable": true,
      "questions": [
        {
          "label": "1",
          "value": "1"
        },
        {
          "label": "2",
          "value": "2"
        },
        {
          "label": "3",
          "value": "3"
        }
      ],
      "values": [
        {
          "label": "Pass",
          "value": "pass",
          "tooltip": "",
          "flag": ""
        },
        {
          "label": "Fail",
          "value": "fail",
          "tooltip": "",
          "flag": ""
        },
        {
          "label": "NA",
          "value": "na",
          "tooltip": "",
          "flag": ""
        }
      ],
      "validate": {
        "required": true
      },
      "key": "example7",
      "type": "survey",
      "input": true,
      "_actionsDriverKey": "actions4"
    },
    {
      "label": "Comments",
      "labelWidth": 30,
      "labelMargin": 3,
      "autoExpand": true,
      "tableView": true,
      "reportable": true,
      "validate": {
        "required": true
      },
      "key": "comments5",
      "type": "textarea",
      "input": true,
      "conditional": {
        "show": true,
        "when": "actions4",
        "eq": "comments"
      }
    },
    {
      "label": "Photos",
      "labelWidth": 30,
      "labelMargin": 3,
      "hideLabel": true,
      "tableView": false,
      "fileTypes": [
        {
          "label": "",
          "value": ""
        }
      ],
      "imageSize": "400",
      "key": "photos5",
      "type": "file",
      "input": true,
      "validate": {
        "required": true
      },
      "conditional": {
        "show": true,
        "when": "actions4",
        "eq": "photos"
      }
    },
    {
      "label": "Tasks",
      "key": "tasksgroup5",
      "type": "fieldset",
      "input": false,
      "tableView": false,
      "hideLabel": true,
      "conditional": {
        "show": true,
        "when": "actions4",
        "eq": "task"
      },
      "components": [
        {
          "label": "Tasks",
          "labelWidth": 30,
          "labelMargin": 3,
          "hideLabel": true,
          "tableView": false,
          "key": "tasks2",
          "type": "tasks",
          "input": true,
          "defaultOpen": true,
          "data": {},
          "taskTriggers": [],
          "components": [
            {
              "label": "Name",
              "key": "title",
              "type": "textfield",
              "input": true,
              "tableView": true,
              "validate": {
                "required": true
              },
              "labelWidth": 30,
              "labelMargin": 3
            },
            {
              "label": "Type",
              "key": "type",
              "type": "select",
              "widget": "html5",
              "input": true,
              "tableView": true,
              "validate": {
                "required": true
              },
              "data": {
                "values": [
                  {
                    "label": "Corrective",
                    "value": "corrective"
                  },
                  {
                    "label": "Preventive",
                    "value": "preventive"
                  },
                  {
                    "label": "Task",
                    "value": "task"
                  }
                ]
              },
              "labelWidth": 30,
              "labelMargin": 3
            },
            {
              "label": "Priority",
              "key": "priority",
              "type": "select",
              "widget": "html5",
              "input": true,
              "tableView": true,
              "defaultValue": "low",
              "validate": {
                "required": true
              },
              "data": {
                "values": [
                  {
                    "label": "Low",
                    "value": "low"
                  },
                  {
                    "label": "Medium",
                    "value": "medium"
                  },
                  {
                    "label": "High",
                    "value": "high"
                  }
                ]
              },
              "labelWidth": 30,
              "labelMargin": 3
            },
            {
              "label": "Assigned To",
              "key": "assignedTo",
              "type": "account",
              "widget": "choicesjs",
              "multiple": true,
              "input": true,
              "tableView": true,
              "validate": {
                "required": true
              },
              "data": {
                "values": []
              },
              "labelWidth": 30,
              "labelMargin": 3
            }
          ]
        }
      ]
    },
    {
      "label": "Actions",
      "labelWidth": 30,
      "labelMargin": 3,
      "inline": true,
      "hideLabel": true,
      "optionsLabelPosition": "right",
      "tableView": false,
      "reportable": true,
      "key": "actions4",
      "type": "selectboxes",
      "inputType": "checkbox",
      "input": true,
      "values": [
        {
          "label": "Comments",
          "value": "comments"
        },
        {
          "label": "Photos",
          "value": "photos"
        },
        {
          "label": "Task",
          "value": "task"
        }
      ],
      "defaultValue": {
        "comments": false,
        "photos": false,
        "task": false
      }
    },
    {
      "label": "example",
      "labelWidth": 30,
      "labelMargin": 3,
      "hideLabel": true,
      "tableView": true,
      "reportable": true,
      "questions": [
        {
          "label": "1",
          "value": "1"
        },
        {
          "label": "2",
          "value": "2"
        },
        {
          "label": "3",
          "value": "3"
        }
      ],
      "values": [
        {
          "label": "Yes",
          "value": "yes",
          "tooltip": "",
          "flag": ""
        },
        {
          "label": "No",
          "value": "no",
          "tooltip": "",
          "flag": ""
        },
        {
          "label": "NA",
          "value": "na",
          "tooltip": "",
          "flag": ""
        }
      ],
      "validate": {
        "required": true
      },
      "key": "example8",
      "type": "survey",
      "input": true,
      "_actionsDriverKey": "actions8"
    },
    {
      "label": "Comments",
      "labelWidth": 30,
      "labelMargin": 3,
      "autoExpand": true,
      "tableView": true,
      "reportable": true,
      "validate": {
        "required": true
      },
      "key": "comments9",
      "type": "textarea",
      "input": true,
      "conditional": {
        "show": true,
        "when": "actions8",
        "eq": "comments"
      }
    },
    {
      "label": "Photos",
      "labelWidth": 30,
      "labelMargin": 3,
      "hideLabel": true,
      "tableView": false,
      "fileTypes": [
        {
          "label": "",
          "value": ""
        }
      ],
      "imageSize": "400",
      "key": "photos9",
      "type": "file",
      "input": true,
      "validate": {
        "required": true
      },
      "conditional": {
        "show": true,
        "when": "actions8",
        "eq": "photos"
      }
    },
    {
      "label": "Tasks",
      "key": "tasksgroup9",
      "type": "fieldset",
      "input": false,
      "tableView": false,
      "hideLabel": true,
      "conditional": {
        "show": true,
        "when": "actions8",
        "eq": "task"
      },
      "components": [
        {
          "label": "Tasks",
          "labelWidth": 30,
          "labelMargin": 3,
          "hideLabel": true,
          "tableView": false,
          "key": "tasks3",
          "type": "tasks",
          "input": true,
          "defaultOpen": true,
          "data": {},
          "taskTriggers": [],
          "components": [
            {
              "label": "Name",
              "key": "title",
              "type": "textfield",
              "input": true,
              "tableView": true,
              "validate": {
                "required": true
              },
              "labelWidth": 30,
              "labelMargin": 3
            },
            {
              "label": "Type",
              "key": "type",
              "type": "select",
              "widget": "html5",
              "input": true,
              "tableView": true,
              "validate": {
                "required": true
              },
              "data": {
                "values": [
                  {
                    "label": "Corrective",
                    "value": "corrective"
                  },
                  {
                    "label": "Preventive",
                    "value": "preventive"
                  },
                  {
                    "label": "Task",
                    "value": "task"
                  }
                ]
              },
              "labelWidth": 30,
              "labelMargin": 3
            },
            {
              "label": "Priority",
              "key": "priority",
              "type": "select",
              "widget": "html5",
              "input": true,
              "tableView": true,
              "defaultValue": "low",
              "validate": {
                "required": true
              },
              "data": {
                "values": [
                  {
                    "label": "Low",
                    "value": "low"
                  },
                  {
                    "label": "Medium",
                    "value": "medium"
                  },
                  {
                    "label": "High",
                    "value": "high"
                  }
                ]
              },
              "labelWidth": 30,
              "labelMargin": 3
            },
            {
              "label": "Assigned To",
              "key": "assignedTo",
              "type": "account",
              "widget": "choicesjs",
              "multiple": true,
              "input": true,
              "tableView": true,
              "validate": {
                "required": true
              },
              "data": {
                "values": []
              },
              "labelWidth": 30,
              "labelMargin": 3
            }
          ]
        }
      ]
    },
    {
      "label": "Actions",
      "labelWidth": 30,
      "labelMargin": 3,
      "inline": true,
      "hideLabel": true,
      "optionsLabelPosition": "right",
      "tableView": false,
      "reportable": true,
      "key": "actions8",
      "type": "selectboxes",
      "inputType": "checkbox",
      "input": true,
      "values": [
        {
          "label": "Comments",
          "value": "comments"
        },
        {
          "label": "Photos",
          "value": "photos"
        },
        {
          "label": "Task",
          "value": "task"
        }
      ],
      "defaultValue": {
        "comments": false,
        "photos": false,
        "task": false
      }
    },
    {
      "label": "Upload",
      "hideLabel": false,
      "key": "upload",
      "type": "file",
      "input": true,
      "tableView": true,
      "reportable": true,
      "validate": {
        "required": true
      },
      "storage": "base64",
      "fileTypes": [],
      "defaultValue": [],
      "multiple": true
    },
    {
      "label": "Phone Number",
      "hideLabel": false,
      "key": "phonenumber",
      "type": "phoneNumber",
      "input": true,
      "tableView": true,
      "reportable": true,
      "validate": {
        "required": true
      },
      "defaultValue": "",
      "prefix": "",
      "disableAutoFormatting": false,
      "enableSeparateDialCode": false
    },
    {
      "label": "Address",
      "hideLabel": false,
      "key": "address",
      "type": "address",
      "input": true,
      "tableView": false,
      "reportable": true,
      "validate": {
        "required": true
      },
      "components": [
        {
          "label": "Street",
          "key": "street",
          "type": "textfield",
          "input": true,
          "tableView": true,
          "reportable": true,
          "validate": {
            "required": true
          }
        },
        {
          "label": "City",
          "key": "city",
          "type": "textfield",
          "input": true,
          "tableView": true,
          "reportable": true,
          "validate": {
            "required": true
          }
        },
        {
          "label": "State",
          "key": "state",
          "type": "textfield",
          "input": true,
          "tableView": true,
          "reportable": true,
          "validate": {
            "required": true
          }
        },
        {
          "label": "Zip Code",
          "key": "zip",
          "type": "number",
          "input": true,
          "tableView": true,
          "reportable": true,
          "validate": {
            "required": true
          }
        }
      ]
    },
    {
      "label": "Asset",
      "hideLabel": false,
      "key": "asset",
      "type": "asset",
      "input": true,
      "tableView": true,
      "reportable": false,
      "validate": {
        "required": true
      },
      "widget": "choicesjs",
      "labelWidth": 30,
      "labelMargin": 3,
      "data": {
        "values": []
      }
    },
    {
      "label": "Date / Time",
      "hideLabel": false,
      "key": "datetime",
      "type": "textfield",
      "input": true,
      "tableView": true,
      "reportable": true,
      "validate": {
        "required": true
      },
      "customType": "datetime",
      "widget": {
        "type": "calendar",
        "altInput": true,
        "allowInput": true,
        "clickOpens": true,
        "enableDate": true,
        "enableTime": true,
        "mode": "single",
        "noCalendar": false,
        "format": "MMMM d, yyyy h:mm a",
        "dateFormat": "MMMM d, yyyy h:mm a",
        "useLocaleSettings": false,
        "hourIncrement": 1,
        "minuteIncrement": 5,
        "time_24hr": false,
        "saveAs": "text",
        "displayInTimezone": "viewer",
        "locale": "en"
      }
    },
    {
      "label": "Date / Time",
      "hideLabel": false,
      "key": "datetime1",
      "type": "textfield",
      "input": true,
      "tableView": true,
      "reportable": true,
      "validate": {
        "required": true
      },
      "customType": "datetime",
      "widget": {
        "type": "calendar",
        "altInput": true,
        "allowInput": true,
        "clickOpens": true,
        "enableDate": true,
        "enableTime": false,
        "mode": "single",
        "noCalendar": false,
        "format": "yyyy-MM-dd",
        "dateFormat": "MMMM d, yyyy h:mm a",
        "useLocaleSettings": false,
        "hourIncrement": 1,
        "minuteIncrement": 5,
        "time_24hr": false,
        "saveAs": "text",
        "displayInTimezone": "viewer",
        "locale": "en"
      },
      "__mode": "date",
      "enableTime": false,
      "noCalendar": false,
      "format": "yyyy-MM-dd"
    },
    {
      "label": "Date / Time",
      "hideLabel": false,
      "key": "datetime2",
      "type": "textfield",
      "input": true,
      "tableView": true,
      "reportable": true,
      "validate": {
        "required": true
      },
      "customType": "datetime",
      "widget": {
        "type": "calendar",
        "altInput": true,
        "allowInput": true,
        "clickOpens": true,
        "enableDate": true,
        "enableTime": true,
        "mode": "single",
        "noCalendar": true,
        "format": "hh:mm a",
        "dateFormat": "MMMM d, yyyy h:mm a",
        "useLocaleSettings": false,
        "hourIncrement": 1,
        "minuteIncrement": 5,
        "time_24hr": false,
        "saveAs": "text",
        "displayInTimezone": "viewer",
        "locale": "en"
      },
      "__mode": "time",
      "enableTime": true,
      "noCalendar": true,
      "format": "hh:mm a"
    },
    {
      "label": "Number",
      "hideLabel": false,
      "key": "number",
      "type": "number",
      "input": true,
      "tableView": true,
      "reportable": true,
      "validate": {
        "required": true
      }
    },
    {
      "label": "Number",
      "hideLabel": false,
      "key": "number1",
      "type": "currency",
      "input": true,
      "tableView": true,
      "reportable": true,
      "validate": {
        "required": true
      },
      "currency": "USD",
      "delimiter": true
    },
    {
      "label": "example",
      "labelWidth": 30,
      "labelMargin": 3,
      "customClass": "removeborder table-responsive",
      "hideLabel": true,
      "tableView": false,
      "modal": true,
      "templates": {
        "header": "",
        "row": "<style>\n  .thc-table {\n    width: 100%;\n    border-collapse: separate !important;\n    border-spacing: 5px !important;\n    table-layout: fixed !important;\n    overflow: hidden !important;\n    min-width: 600px;\n  }\n  .thc-table th,\n  .thc-table td {\n    font-size: 14px;\n    padding: 5px;\n    word-break: break-word;\n    vertical-align: top;\n    border-radius: 5px;\n    text-align: left;\n  }\n  .thc-table thead th {\n    background: #f4f4f4; /* Colored background for headers */\n  }\n  .thc-table tbody td {\n    border-bottom: 5px solid #e8e8e8;\n  }\n  .thc-table tr {\n    transition: background-color 0.6s ease !important;\n  }\n  .thc-table tr:hover {\n    background-color: #f4f4f4;\n  }\n  .thc-table .row-counter {\n    border-left: 5px solid #e8e8e8;\n    border-bottom: none;\n  }\n  .thc-table tr {\n    background-color: transparent;\n    transition: background-color 0.3s ease;\n  }\n  /* Button container styling */\n  .button-container {\n    display: flex !important;\n    justify-content: flex-end !important;\n    gap: 0.5rem !important;\n    margin: 0.5rem 0 !important;\n  }\n\n  /* Icon buttons styling */\n  .button-container .btn {\n    display: inline-flex !important;\n    align-items: center !important;\n    justify-content: center !important;\n    width: 2.5rem !important;\n    height: 2.5rem !important;\n    padding: 0.5rem !important;\n    font-size: 1.25rem !important;\n    border-radius: 0.25rem !important;\n  }\n\n  /* Specific button styling */\n  .btn-light {\n    background-color: #f8f9fa !important;\n    border: 1px solid #ced4da !important;\n    color: #495057 !important;\n  }\n\n  .btn-light:hover {\n    background-color: #e2e6ea !important;\n  }\n\n  .btn-danger {\n    background-color: #dc3545 !important;\n    border: 1px solid #dc3545 !important;\n    color: #fff !important;\n  }\n\n  .btn-danger:hover {\n    background-color: #c82333 !important;\n  }\n\n  .thc-table .list-group {\n    display: table !important;\n  }\n\n  @media (max-width: 600px) {\n    /* Keep button container horizontal on mobile */\n    .button-container {\n      justify-content: flex-end !important;\n      gap: 0.25rem !important;\n    }\n  }\n  .bg-low-risks {\n    color: #2fa844 !important;\n  }\n  .bg-moderate-risks {\n    color: #fac007 !important;\n  }\n  .bg-high-risks {\n    color: #f77e15 !important;\n  }\n  .bg-danger-risks {\n    color: #dc3545 !important;\n  }\n  .fw-bold {\n    font-weight: bold;\n  }\n  .signature-cell {\n    max-width: 100%;\n    height: auto;\n  }\n  @media only screen and (max-width: 600px) {\n    .bg-low-risks {\n      color: #2fa844 !important;\n    }\n    .bg-moderate-risks {\n      color: #fac007 !important;\n    }\n    .bg-high-risks {\n      color: #f77e15 !important;\n    }\n    .bg-danger-risks {\n      color: #dc3545 !important;\n    }\n  }\n  .thc-table .row-counter {\n    width: 30px;\n    text-align: center;\n    font-weight: bold;\n    background: #f4f4f4;\n    padding: 5px;\n    vertical-align: middle;\n  }\n</style>\n\n<table class=\"thc-table\">\n  {% if (rowIndex === 0) { %}\n  <thead>\n    <tr>\n      {% components.forEach(function(component) { %}\n        <th>{{ component.label }}</th>\n      {% }) %}\n    </tr>\n  </thead>\n  {% } %}\n  <tbody>\n<tr>\n  {% components.forEach(function(component) { %}\n    <td>\n      {{ getView(component, row[component.key]) }}\n    </td>\n  {% }) %}\n</tr>\n  </tbody>\n</table>\n\n{% if (!instance.options.readOnly && !instance.disabled) { %}\n  <div class=\"button-container\">\n    <button class=\"btn btn-default btn-light editRow\">\n      <i class=\"{{ iconClass('edit') }}\"></i>\n    </button>\n    {% if (instance.hasRemoveButtons && instance.hasRemoveButtons()) { %}\n      <button class=\"btn btn-danger removeRow\">\n        <i class=\"{{ iconClass('trash') }}\"></i>\n      </button>\n    {% } %}\n  </div>\n{% } %}\n"
      },
      "rowDrafts": false,
      "key": "example9",
      "type": "editgrid",
      "displayAsTable": false,
      "input": true,
      "components": [],
      "validate": {
        "required": true
      }
    },
    {
      "label": "Quiz",
      "hideLabel": true,
      "key": "quiz1",
      "type": "fieldset",
      "input": false,
      "tableView": false,
      "passMark": 0,
      "answerKey": {},
      "components": [
        {
          "label": "Correct Answers",
          "key": "correctAnswersDisplay",
          "type": "textarea",
          "rows": 1,
          "autoExpand": true,
          "calculateValue": "\n      const quiz   = instance.parent;\n      const cfg    = quiz.component;\n      const answer = cfg.answerKey || {};\n      const pass   = Number(cfg.passMark) || 0;\n    \n      let correct = 0, wrong = 0, good = [], bad = [];\n    \n      Object.keys(answer).forEach(k => {\n        /* ── work out the nice display number ───────────────── */\n        let num = k;                                 // fallback\n        const cmp = (cfg.components || []).find(c => c.key === k);\n        if (cmp && typeof cmp.label === 'string') {\n          /* pull leading digits from “1. Question” etc. */\n          const m = cmp.label.match(/^\\s*(\\d+)/);\n          if (m) num = m[1];\n        }\n    \n        const expected = Object.keys(answer[k]).find(v => answer[k][v]);\n        const given    = data[k];\n    \n        if (String(given) === String(expected)) { correct++; good.push(num); }\n        else if (given)                           { wrong++;  bad.push(num); }\n      });\n    \n      /* expose counts so the three textareas can share them */\n      util.correct   = correct;\n      util.incorrect = wrong;\n      util.good      = good;\n      util.bad       = bad;\n    \nvalue = util.good.length ? util.good.join(', ') : '';"
        },
        {
          "label": "Incorrect Answers",
          "key": "incorrectAnswers",
          "type": "textarea",
          "rows": 1,
          "autoExpand": true,
          "calculateValue": "\n      const quiz   = instance.parent;\n      const cfg    = quiz.component;\n      const answer = cfg.answerKey || {};\n      const pass   = Number(cfg.passMark) || 0;\n    \n      let correct = 0, wrong = 0, good = [], bad = [];\n    \n      Object.keys(answer).forEach(k => {\n        /* ── work out the nice display number ───────────────── */\n        let num = k;                                 // fallback\n        const cmp = (cfg.components || []).find(c => c.key === k);\n        if (cmp && typeof cmp.label === 'string') {\n          /* pull leading digits from “1. Question” etc. */\n          const m = cmp.label.match(/^\\s*(\\d+)/);\n          if (m) num = m[1];\n        }\n    \n        const expected = Object.keys(answer[k]).find(v => answer[k][v]);\n        const given    = data[k];\n    \n        if (String(given) === String(expected)) { correct++; good.push(num); }\n        else if (given)                           { wrong++;  bad.push(num); }\n      });\n    \n      /* expose counts so the three textareas can share them */\n      util.correct   = correct;\n      util.incorrect = wrong;\n      util.good      = good;\n      util.bad       = bad;\n    \nvalue = util.bad.length  ? util.bad.join(', ') : '';"
        },
        {
          "label": "Result",
          "key": "quizResult",
          "type": "textarea",
          "rows": 1,
          "autoExpand": true,
          "calculateValue": "\n      const quiz   = instance.parent;\n      const cfg    = quiz.component;\n      const answer = cfg.answerKey || {};\n      const pass   = Number(cfg.passMark) || 0;\n    \n      let correct = 0, wrong = 0, good = [], bad = [];\n    \n      Object.keys(answer).forEach(k => {\n        /* ── work out the nice display number ───────────────── */\n        let num = k;                                 // fallback\n        const cmp = (cfg.components || []).find(c => c.key === k);\n        if (cmp && typeof cmp.label === 'string') {\n          /* pull leading digits from “1. Question” etc. */\n          const m = cmp.label.match(/^\\s*(\\d+)/);\n          if (m) num = m[1];\n        }\n    \n        const expected = Object.keys(answer[k]).find(v => answer[k][v]);\n        const given    = data[k];\n    \n        if (String(given) === String(expected)) { correct++; good.push(num); }\n        else if (given)                           { wrong++;  bad.push(num); }\n      });\n    \n      /* expose counts so the three textareas can share them */\n      util.correct   = correct;\n      util.incorrect = wrong;\n      util.good      = good;\n      util.bad       = bad;\n    \nvalue = (util.correct >= (Number(instance.parent.component.passMark)||0) &&\n                            util.correct) ? 'Pass' : 'Fail';"
        }
      ],
      "validate": {
        "required": true
      }
    },
    {
      "label": "example",
      "hideLabel": false,
      "key": "example10",
      "type": "fieldset",
      "input": false,
      "tableView": false,
      "reportable": true,
      "validate": {
        "required": true
      },
      "legend": "example",
      "components": [
        {
          "label": "example",
          "hideLabel": false,
          "key": "yes",
          "type": "radio",
          "input": true,
          "tableView": false,
          "reportable": true,
          "validate": {
            "required": true
          },
          "inline": true,
          "optionsLabelPosition": "right",
          "values": [
            {
              "label": "Yes",
              "value": "yes",
              "shortcut": "",
              "flag": "success"
            },
            {
              "label": "No",
              "value": "no",
              "shortcut": "",
              "flag": "danger"
            },
            {
              "label": "N/A",
              "value": "nA",
              "shortcut": "",
              "flag": ""
            }
          ],
          "__origValue": "Yes",
          "_actionsDriverKey": "actions13"
        },
        {
          "label": "Comments",
          "labelWidth": 30,
          "labelMargin": 3,
          "autoExpand": true,
          "tableView": true,
          "reportable": true,
          "validate": {
            "required": true
          },
          "key": "comments4",
          "type": "textarea",
          "input": true,
          "conditional": {
            "show": true,
            "when": "actions13",
            "eq": "comments"
          }
        },
        {
          "label": "Photos",
          "labelWidth": 30,
          "labelMargin": 3,
          "hideLabel": true,
          "tableView": false,
          "fileTypes": [
            {
              "label": "",
              "value": ""
            }
          ],
          "imageSize": "400",
          "key": "photos4",
          "type": "file",
          "input": true,
          "validate": {
            "required": true
          },
          "conditional": {
            "show": true,
            "when": "actions13",
            "eq": "photos"
          }
        },
        {
          "label": "Tasks",
          "key": "tasksgroup4",
          "type": "fieldset",
          "input": false,
          "tableView": false,
          "hideLabel": true,
          "conditional": {
            "show": true,
            "when": "actions13",
            "eq": "task"
          },
          "components": [
            {
              "label": "Tasks",
              "labelWidth": 30,
              "labelMargin": 3,
              "hideLabel": true,
              "tableView": false,
              "key": "tasks4",
              "type": "tasks",
              "input": true,
              "defaultOpen": true,
              "data": {},
              "taskTriggers": [],
              "components": [
                {
                  "label": "Name",
                  "key": "title",
                  "type": "textfield",
                  "input": true,
                  "tableView": true,
                  "validate": {
                    "required": true
                  },
                  "labelWidth": 30,
                  "labelMargin": 3
                },
                {
                  "label": "Type",
                  "key": "type",
                  "type": "select",
                  "widget": "html5",
                  "input": true,
                  "tableView": true,
                  "validate": {
                    "required": true
                  },
                  "data": {
                    "values": [
                      {
                        "label": "Corrective",
                        "value": "corrective"
                      },
                      {
                        "label": "Preventive",
                        "value": "preventive"
                      },
                      {
                        "label": "Task",
                        "value": "task"
                      }
                    ]
                  },
                  "labelWidth": 30,
                  "labelMargin": 3
                },
                {
                  "label": "Priority",
                  "key": "priority",
                  "type": "select",
                  "widget": "html5",
                  "input": true,
                  "tableView": true,
                  "defaultValue": "low",
                  "validate": {
                    "required": true
                  },
                  "data": {
                    "values": [
                      {
                        "label": "Low",
                        "value": "low"
                      },
                      {
                        "label": "Medium",
                        "value": "medium"
                      },
                      {
                        "label": "High",
                        "value": "high"
                      }
                    ]
                  },
                  "labelWidth": 30,
                  "labelMargin": 3
                },
                {
                  "label": "Assigned To",
                  "key": "assignedTo",
                  "type": "account",
                  "widget": "choicesjs",
                  "multiple": true,
                  "input": true,
                  "tableView": true,
                  "validate": {
                    "required": true
                  },
                  "data": {
                    "values": []
                  },
                  "labelWidth": 30,
                  "labelMargin": 3
                }
              ]
            }
          ]
        },
        {
          "label": "Actions",
          "labelWidth": 30,
          "labelMargin": 3,
          "inline": true,
          "hideLabel": true,
          "optionsLabelPosition": "right",
          "tableView": false,
          "reportable": true,
          "key": "actions13",
          "type": "selectboxes",
          "inputType": "checkbox",
          "input": true,
          "values": [
            {
              "label": "Comments",
              "value": "comments"
            },
            {
              "label": "Photos",
              "value": "photos"
            },
            {
              "label": "Task",
              "value": "task"
            }
          ],
          "defaultValue": {
            "comments": false,
            "photos": false,
            "task": false
          }
        },
        {
          "label": "example",
          "hideLabel": false,
          "key": "no",
          "type": "radio",
          "input": true,
          "tableView": false,
          "reportable": true,
          "validate": {
            "required": true
          },
          "inline": true,
          "optionsLabelPosition": "right",
          "values": [
            {
              "label": "Yes",
              "value": "yes",
              "shortcut": "",
              "flag": "success"
            },
            {
              "label": "No",
              "value": "no",
              "shortcut": "",
              "flag": "danger"
            },
            {
              "label": "N/A",
              "value": "nA",
              "shortcut": "",
              "flag": ""
            }
          ],
          "__origValue": "No",
          "_actionsDriverKey": "actions14"
        },
        {
          "label": "Comments",
          "labelWidth": 30,
          "labelMargin": 3,
          "autoExpand": true,
          "tableView": true,
          "reportable": true,
          "validate": {
            "required": true
          },
          "key": "comments",
          "type": "textarea",
          "input": true,
          "conditional": {
            "show": true,
            "when": "actions14",
            "eq": "comments"
          }
        },
        {
          "label": "Photos",
          "labelWidth": 30,
          "labelMargin": 3,
          "hideLabel": true,
          "tableView": false,
          "fileTypes": [
            {
              "label": "",
              "value": ""
            }
          ],
          "imageSize": "400",
          "key": "photos",
          "type": "file",
          "input": true,
          "validate": {
            "required": true
          },
          "conditional": {
            "show": true,
            "when": "actions14",
            "eq": "photos"
          }
        },
        {
          "label": "Tasks",
          "key": "tasksgroup",
          "type": "fieldset",
          "input": false,
          "tableView": false,
          "hideLabel": true,
          "conditional": {
            "show": true,
            "when": "actions14",
            "eq": "task"
          },
          "components": [
            {
              "label": "Tasks",
              "labelWidth": 30,
              "labelMargin": 3,
              "hideLabel": true,
              "tableView": false,
              "key": "tasks5",
              "type": "tasks",
              "input": true,
              "defaultOpen": true,
              "data": {},
              "taskTriggers": [],
              "components": [
                {
                  "label": "Name",
                  "key": "title",
                  "type": "textfield",
                  "input": true,
                  "tableView": true,
                  "validate": {
                    "required": true
                  },
                  "labelWidth": 30,
                  "labelMargin": 3
                },
                {
                  "label": "Type",
                  "key": "type",
                  "type": "select",
                  "widget": "html5",
                  "input": true,
                  "tableView": true,
                  "validate": {
                    "required": true
                  },
                  "data": {
                    "values": [
                      {
                        "label": "Corrective",
                        "value": "corrective"
                      },
                      {
                        "label": "Preventive",
                        "value": "preventive"
                      },
                      {
                        "label": "Task",
                        "value": "task"
                      }
                    ]
                  },
                  "labelWidth": 30,
                  "labelMargin": 3
                },
                {
                  "label": "Priority",
                  "key": "priority",
                  "type": "select",
                  "widget": "html5",
                  "input": true,
                  "tableView": true,
                  "defaultValue": "low",
                  "validate": {
                    "required": true
                  },
                  "data": {
                    "values": [
                      {
                        "label": "Low",
                        "value": "low"
                      },
                      {
                        "label": "Medium",
                        "value": "medium"
                      },
                      {
                        "label": "High",
                        "value": "high"
                      }
                    ]
                  },
                  "labelWidth": 30,
                  "labelMargin": 3
                },
                {
                  "label": "Assigned To",
                  "key": "assignedTo",
                  "type": "account",
                  "widget": "choicesjs",
                  "multiple": true,
                  "input": true,
                  "tableView": true,
                  "validate": {
                    "required": true
                  },
                  "data": {
                    "values": []
                  },
                  "labelWidth": 30,
                  "labelMargin": 3
                }
              ]
            }
          ]
        },
        {
          "label": "Actions",
          "labelWidth": 30,
          "labelMargin": 3,
          "inline": true,
          "hideLabel": true,
          "optionsLabelPosition": "right",
          "tableView": false,
          "reportable": true,
          "key": "actions14",
          "type": "selectboxes",
          "inputType": "checkbox",
          "input": true,
          "values": [
            {
              "label": "Comments",
              "value": "comments"
            },
            {
              "label": "Photos",
              "value": "photos"
            },
            {
              "label": "Task",
              "value": "task"
            }
          ],
          "defaultValue": {
            "comments": false,
            "photos": false,
            "task": false
          }
        },
        {
          "label": "example",
          "hideLabel": false,
          "key": "na",
          "type": "radio",
          "input": true,
          "tableView": false,
          "reportable": true,
          "validate": {
            "required": true
          },
          "inline": true,
          "optionsLabelPosition": "right",
          "values": [
            {
              "label": "Yes",
              "value": "yes",
              "shortcut": "",
              "flag": "success"
            },
            {
              "label": "No",
              "value": "no",
              "shortcut": "",
              "flag": "danger"
            },
            {
              "label": "N/A",
              "value": "nA",
              "shortcut": "",
              "flag": ""
            }
          ],
          "__origValue": "NA",
          "_actionsDriverKey": "actions17"
        },
        {
          "label": "Comments",
          "labelWidth": 30,
          "labelMargin": 3,
          "autoExpand": true,
          "tableView": true,
          "reportable": true,
          "validate": {
            "required": true
          },
          "key": "comments6",
          "type": "textarea",
          "input": true,
          "conditional": {
            "show": true,
            "when": "actions17",
            "eq": "comments"
          }
        },
        {
          "label": "Photos",
          "labelWidth": 30,
          "labelMargin": 3,
          "hideLabel": true,
          "tableView": false,
          "fileTypes": [
            {
              "label": "",
              "value": ""
            }
          ],
          "imageSize": "400",
          "key": "photos6",
          "type": "file",
          "input": true,
          "validate": {
            "required": true
          },
          "conditional": {
            "show": true,
            "when": "actions17",
            "eq": "photos"
          }
        },
        {
          "label": "Tasks",
          "key": "tasksgroup6",
          "type": "fieldset",
          "input": false,
          "tableView": false,
          "hideLabel": true,
          "conditional": {
            "show": true,
            "when": "actions17",
            "eq": "task"
          },
          "components": [
            {
              "label": "Tasks",
              "labelWidth": 30,
              "labelMargin": 3,
              "hideLabel": true,
              "tableView": false,
              "key": "tasks6",
              "type": "tasks",
              "input": true,
              "defaultOpen": true,
              "data": {},
              "taskTriggers": [],
              "components": [
                {
                  "label": "Name",
                  "key": "title",
                  "type": "textfield",
                  "input": true,
                  "tableView": true,
                  "validate": {
                    "required": true
                  },
                  "labelWidth": 30,
                  "labelMargin": 3
                },
                {
                  "label": "Type",
                  "key": "type",
                  "type": "select",
                  "widget": "html5",
                  "input": true,
                  "tableView": true,
                  "validate": {
                    "required": true
                  },
                  "data": {
                    "values": [
                      {
                        "label": "Corrective",
                        "value": "corrective"
                      },
                      {
                        "label": "Preventive",
                        "value": "preventive"
                      },
                      {
                        "label": "Task",
                        "value": "task"
                      }
                    ]
                  },
                  "labelWidth": 30,
                  "labelMargin": 3
                },
                {
                  "label": "Priority",
                  "key": "priority",
                  "type": "select",
                  "widget": "html5",
                  "input": true,
                  "tableView": true,
                  "defaultValue": "low",
                  "validate": {
                    "required": true
                  },
                  "data": {
                    "values": [
                      {
                        "label": "Low",
                        "value": "low"
                      },
                      {
                        "label": "Medium",
                        "value": "medium"
                      },
                      {
                        "label": "High",
                        "value": "high"
                      }
                    ]
                  },
                  "labelWidth": 30,
                  "labelMargin": 3
                },
                {
                  "label": "Assigned To",
                  "key": "assignedTo",
                  "type": "account",
                  "widget": "choicesjs",
                  "multiple": true,
                  "input": true,
                  "tableView": true,
                  "validate": {
                    "required": true
                  },
                  "data": {
                    "values": []
                  },
                  "labelWidth": 30,
                  "labelMargin": 3
                }
              ]
            }
          ]
        },
        {
          "label": "Actions",
          "labelWidth": 30,
          "labelMargin": 3,
          "inline": true,
          "hideLabel": true,
          "optionsLabelPosition": "right",
          "tableView": false,
          "reportable": true,
          "key": "actions17",
          "type": "selectboxes",
          "inputType": "checkbox",
          "input": true,
          "values": [
            {
              "label": "Comments",
              "value": "comments"
            },
            {
              "label": "Photos",
              "value": "photos"
            },
            {
              "label": "Task",
              "value": "task"
            }
          ],
          "defaultValue": {
            "comments": false,
            "photos": false,
            "task": false
          }
        },
        {
          "label": "example",
          "hideLabel": false,
          "key": "example15",
          "type": "radio",
          "input": true,
          "tableView": false,
          "reportable": true,
          "validate": {
            "required": true
          },
          "inline": true,
          "optionsLabelPosition": "right",
          "values": [
            {
              "label": "Yes",
              "value": "yes",
              "shortcut": "",
              "flag": "success"
            },
            {
              "label": "No",
              "value": "no",
              "shortcut": "",
              "flag": "danger"
            },
            {
              "label": "N/A",
              "value": "nA",
              "shortcut": "",
              "flag": ""
            }
          ],
          "__origValue": "example",
          "_actionsDriverKey": "actions21"
        },
        {
          "label": "Comments",
          "labelWidth": 30,
          "labelMargin": 3,
          "autoExpand": true,
          "tableView": true,
          "reportable": true,
          "validate": {
            "required": true
          },
          "key": "comments7",
          "type": "textarea",
          "input": true,
          "conditional": {
            "show": true,
            "when": "actions21",
            "eq": "comments"
          }
        },
        {
          "label": "Photos",
          "labelWidth": 30,
          "labelMargin": 3,
          "hideLabel": true,
          "tableView": false,
          "fileTypes": [
            {
              "label": "",
              "value": ""
            }
          ],
          "imageSize": "400",
          "key": "photos7",
          "type": "file",
          "input": true,
          "validate": {
            "required": true
          },
          "conditional": {
            "show": true,
            "when": "actions21",
            "eq": "photos"
          }
        },
        {
          "label": "Tasks",
          "key": "tasksgroup7",
          "type": "fieldset",
          "input": false,
          "tableView": false,
          "hideLabel": true,
          "conditional": {
            "show": true,
            "when": "actions21",
            "eq": "task"
          },
          "components": [
            {
              "label": "Tasks",
              "labelWidth": 30,
              "labelMargin": 3,
              "hideLabel": true,
              "tableView": false,
              "key": "tasks7",
              "type": "tasks",
              "input": true,
              "defaultOpen": true,
              "data": {},
              "taskTriggers": [],
              "components": [
                {
                  "label": "Name",
                  "key": "title",
                  "type": "textfield",
                  "input": true,
                  "tableView": true,
                  "validate": {
                    "required": true
                  },
                  "labelWidth": 30,
                  "labelMargin": 3
                },
                {
                  "label": "Type",
                  "key": "type",
                  "type": "select",
                  "widget": "html5",
                  "input": true,
                  "tableView": true,
                  "validate": {
                    "required": true
                  },
                  "data": {
                    "values": [
                      {
                        "label": "Corrective",
                        "value": "corrective"
                      },
                      {
                        "label": "Preventive",
                        "value": "preventive"
                      },
                      {
                        "label": "Task",
                        "value": "task"
                      }
                    ]
                  },
                  "labelWidth": 30,
                  "labelMargin": 3
                },
                {
                  "label": "Priority",
                  "key": "priority",
                  "type": "select",
                  "widget": "html5",
                  "input": true,
                  "tableView": true,
                  "defaultValue": "low",
                  "validate": {
                    "required": true
                  },
                  "data": {
                    "values": [
                      {
                        "label": "Low",
                        "value": "low"
                      },
                      {
                        "label": "Medium",
                        "value": "medium"
                      },
                      {
                        "label": "High",
                        "value": "high"
                      }
                    ]
                  },
                  "labelWidth": 30,
                  "labelMargin": 3
                },
                {
                  "label": "Assigned To",
                  "key": "assignedTo",
                  "type": "account",
                  "widget": "choicesjs",
                  "multiple": true,
                  "input": true,
                  "tableView": true,
                  "validate": {
                    "required": true
                  },
                  "data": {
                    "values": []
                  },
                  "labelWidth": 30,
                  "labelMargin": 3
                }
              ]
            }
          ]
        },
        {
          "label": "Actions",
          "labelWidth": 30,
          "labelMargin": 3,
          "inline": true,
          "hideLabel": true,
          "optionsLabelPosition": "right",
          "tableView": false,
          "reportable": true,
          "key": "actions21",
          "type": "selectboxes",
          "inputType": "checkbox",
          "input": true,
          "values": [
            {
              "label": "Comments",
              "value": "comments"
            },
            {
              "label": "Photos",
              "value": "photos"
            },
            {
              "label": "Task",
              "value": "task"
            }
          ],
          "defaultValue": {
            "comments": false,
            "photos": false,
            "task": false
          }
        },
        {
          "label": "example",
          "hideLabel": false,
          "key": "example17",
          "type": "radio",
          "input": true,
          "tableView": false,
          "reportable": true,
          "validate": {
            "required": true
          },
          "inline": true,
          "optionsLabelPosition": "right",
          "values": [
            {
              "label": "Yes",
              "value": "yes",
              "shortcut": "",
              "flag": "success"
            },
            {
              "label": "No",
              "value": "no",
              "shortcut": "",
              "flag": "danger"
            },
            {
              "label": "N/A",
              "value": "nA",
              "shortcut": "",
              "flag": ""
            }
          ],
          "__origValue": "example",
          "_actionsDriverKey": "actions26"
        },
        {
          "label": "Comments",
          "labelWidth": 30,
          "labelMargin": 3,
          "autoExpand": true,
          "tableView": true,
          "reportable": true,
          "validate": {
            "required": true
          },
          "key": "comments8",
          "type": "textarea",
          "input": true,
          "conditional": {
            "show": true,
            "when": "actions26",
            "eq": "comments"
          }
        },
        {
          "label": "Photos",
          "labelWidth": 30,
          "labelMargin": 3,
          "hideLabel": true,
          "tableView": false,
          "fileTypes": [
            {
              "label": "",
              "value": ""
            }
          ],
          "imageSize": "400",
          "key": "photos8",
          "type": "file",
          "input": true,
          "validate": {
            "required": true
          },
          "conditional": {
            "show": true,
            "when": "actions26",
            "eq": "photos"
          }
        },
        {
          "label": "Tasks",
          "key": "tasksgroup8",
          "type": "fieldset",
          "input": false,
          "tableView": false,
          "hideLabel": true,
          "conditional": {
            "show": true,
            "when": "actions26",
            "eq": "task"
          },
          "components": [
            {
              "label": "Tasks",
              "labelWidth": 30,
              "labelMargin": 3,
              "hideLabel": true,
              "tableView": false,
              "key": "tasks8",
              "type": "tasks",
              "input": true,
              "defaultOpen": true,
              "data": {},
              "taskTriggers": [],
              "components": [
                {
                  "label": "Name",
                  "key": "title",
                  "type": "textfield",
                  "input": true,
                  "tableView": true,
                  "validate": {
                    "required": true
                  },
                  "labelWidth": 30,
                  "labelMargin": 3
                },
                {
                  "label": "Type",
                  "key": "type",
                  "type": "select",
                  "widget": "html5",
                  "input": true,
                  "tableView": true,
                  "validate": {
                    "required": true
                  },
                  "data": {
                    "values": [
                      {
                        "label": "Corrective",
                        "value": "corrective"
                      },
                      {
                        "label": "Preventive",
                        "value": "preventive"
                      },
                      {
                        "label": "Task",
                        "value": "task"
                      }
                    ]
                  },
                  "labelWidth": 30,
                  "labelMargin": 3
                },
                {
                  "label": "Priority",
                  "key": "priority",
                  "type": "select",
                  "widget": "html5",
                  "input": true,
                  "tableView": true,
                  "defaultValue": "low",
                  "validate": {
                    "required": true
                  },
                  "data": {
                    "values": [
                      {
                        "label": "Low",
                        "value": "low"
                      },
                      {
                        "label": "Medium",
                        "value": "medium"
                      },
                      {
                        "label": "High",
                        "value": "high"
                      }
                    ]
                  },
                  "labelWidth": 30,
                  "labelMargin": 3
                },
                {
                  "label": "Assigned To",
                  "key": "assignedTo",
                  "type": "account",
                  "widget": "choicesjs",
                  "multiple": true,
                  "input": true,
                  "tableView": true,
                  "validate": {
                    "required": true
                  },
                  "data": {
                    "values": []
                  },
                  "labelWidth": 30,
                  "labelMargin": 3
                }
              ]
            }
          ]
        },
        {
          "label": "Actions",
          "labelWidth": 30,
          "labelMargin": 3,
          "inline": true,
          "hideLabel": true,
          "optionsLabelPosition": "right",
          "tableView": false,
          "reportable": true,
          "key": "actions26",
          "type": "selectboxes",
          "inputType": "checkbox",
          "input": true,
          "values": [
            {
              "label": "Comments",
              "value": "comments"
            },
            {
              "label": "Photos",
              "value": "photos"
            },
            {
              "label": "Task",
              "value": "task"
            }
          ],
          "defaultValue": {
            "comments": false,
            "photos": false,
            "task": false
          }
        }
      ]
    }
  ]
}