{
  "label": "Grouping",
  "key": "grouping",
  "type": "fieldset",
  "input": false,
  "tableView": false,
  "components": [
    {
      "label": "General Information",
      "hideLabel": false,
      "key": "generalinformation",
      "type": "fieldset",
      "input": false,
      "tableView": false,
      "reportable": true,
      "validate": {
        "required": false
      },
      "legend": "General Information",
      "components": [
        {
          "label": "Name of employee",
          "hideLabel": false,
          "key": "nameofemployee",
          "type": "account",
          "input": true,
          "tableView": true,
          "reportable": false,
          "validate": {
            "required": true
          },
          "widget": "choicesjs",
          "labelWidth": 30,
          "labelMargin": 3,
          "data": {
            "values": []
          }
        },
        {
          "label": "Observed by",
          "hideLabel": false,
          "key": "observedby",
          "type": "account",
          "input": true,
          "tableView": true,
          "reportable": false,
          "validate": {
            "required": true
          },
          "widget": "choicesjs",
          "labelWidth": 30,
          "labelMargin": 3,
          "data": {
            "values": []
          }
        },
        {
          "label": "Location",
          "hideLabel": false,
          "key": "location",
          "type": "textarea",
          "input": true,
          "tableView": true,
          "reportable": true,
          "validate": {
            "required": true
          },
          "rows": 1,
          "labelWidth": 30,
          "labelMargin": 3,
          "autoExpand": true
        },
        {
          "label": "Date",
          "hideLabel": false,
          "key": "date",
          "type": "textfield",
          "input": true,
          "tableView": true,
          "reportable": true,
          "validate": {
            "required": true
          },
          "customType": "datetime",
          "widget": {
            "type": "calendar",
            "altInput": true,
            "allowInput": true,
            "clickOpens": true,
            "enableDate": true,
            "enableTime": false,
            "mode": "single",
            "noCalendar": false,
            "format": "yyyy-MM-dd",
            "dateFormat": "MMMM d, yyyy h:mm a",
            "useLocaleSettings": false,
            "hourIncrement": 1,
            "minuteIncrement": 5,
            "time_24hr": false,
            "saveAs": "text",
            "displayInTimezone": "viewer",
            "locale": "en"
          },
          "__mode": "date",
          "enableTime": false,
          "noCalendar": false,
          "format": "yyyy-MM-dd"
        },
        {
          "label": "Description of work being done",
          "hideLabel": false,
          "key": "descriptionofworkbeingdone",
          "type": "textarea",
          "input": true,
          "tableView": true,
          "reportable": true,
          "validate": {
            "required": true
          },
          "rows": 3,
          "labelWidth": 30,
          "labelMargin": 3,
          "autoExpand": true
        },
        {
          "label": "Procedure Name / Reference #",
          "hideLabel": false,
          "key": "procedurenamereference",
          "type": "textarea",
          "input": true,
          "tableView": true,
          "reportable": true,
          "validate": {
            "required": true
          },
          "rows": 3,
          "labelWidth": 30,
          "labelMargin": 3,
          "autoExpand": true
        },
        {
          "label": "Employee Observations",
          "hideLabel": false,
          "key": "employeeobservations",
          "type": "fieldset",
          "input": false,
          "tableView": false,
          "reportable": true,
          "validate": {
            "required": false
          },
          "legend": "Employee Observations",
          "components": [
            {
              "label": "Employee Observations",
              "labelWidth": 30,
              "labelMargin": 3,
              "hideLabel": false,
              "tableView": true,
              "reportable": true,
              "questions": [
                {
                  "label": "1. Pre Job hazard assessment completed ensuring hazards have been identified and controls in place.",
                  "value": "1PreJobHazardAssessmentCompletedEnsuringHazardsHaveBeenIdentifiedAndControlsInPlace"
                },
                {
                  "label": "2. Customer/Primec safe work permit obtained",
                  "value": "2CustomerPrimecSafeWorkPermitObtained"
                },
                {
                  "label": "3. Fall arrest protection plan completed",
                  "value": "3FallArrestProtectionPlanCompleted"
                },
                {
                  "label": "4.  Works safely on job sites, follows all supervisor/trainer instructions including safe work practices or procedures",
                  "value": "4WorksSafelyOnJobSitesFollowsAllSupervisorTrainerInstructionsIncludingSafeWorkPracticesOrProcedures"
                },
                {
                  "label": "5. Wears proper PPE (steel toed boots, safety glasses, ear plugs, fire retardant clothing etc.)",
                  "value": "5WearsProperPpeSteelToedBootsSafetyGlassesEarPlugsFireRetardantClothingEtc"
                },
                {
                  "label": "6.  Is familiar with the safety program & task procedures.",
                  "value": "6IsFamiliarWithTheSafetyProgramTaskProcedures"
                },
                {
                  "label": "7.  Knows the location, type and operation of emergency equipment.",
                  "value": "7KnowsTheLocationTypeAndOperationOfEmergencyEquipment"
                },
                {
                  "label": "8.  Checks tools, equipment and PPE before using it.",
                  "value": "8ChecksToolsEquipmentAndPpeBeforeUsingIt"
                },
                {
                  "label": "9.  Partcipates in all training offererd.",
                  "value": "9PartcipatesInAllTrainingOffererd"
                },
                {
                  "label": "10.  Worker understands the manner of performing the task will minimize injuries.",
                  "value": "10WorkerUnderstandsTheMannerOfPerformingTheTaskWillMinimizeInjuries"
                },
                {
                  "label": "11.  Worker has completed the On-The-Job training for the task being done, including recognizing hazards.",
                  "value": "11WorkerHasCompletedTheOnTheJobTrainingForTheTaskBeingDoneIncludingRecognizingHazards"
                },
                {
                  "label": "12.  Worker is practising safe use and operation of equipment",
                  "value": "12WorkerIsPractisingSafeUseAndOperationOfEquipment"
                },
                {
                  "label": "13.  Workers know location of all required tools for task.",
                  "value": "13WorkersKnowLocationOfAllRequiredToolsForTask"
                },
                {
                  "label": "14.  Knows that all incidents/accidents be reported immediately.",
                  "value": "14KnowsThatAllIncidentsAccidentsBeReportedImmediately"
                },
                {
                  "label": "15.  Conducts informal site/work station inspection daily.",
                  "value": "15ConductsInformalSiteWorkStationInspectionDaily"
                },
                {
                  "label": "16.  Has been instructed how to complete follow-up paperwork.",
                  "value": "16HasBeenInstructedHowToCompleteFollowUpPaperwork"
                },
                {
                  "label": "17.  Is promptly following up all reported hazards.",
                  "value": "17IsPromptlyFollowingUpAllReportedHazards"
                },
                {
                  "label": "18.  Worker knows location of Procedure Manuals & MSDS",
                  "value": "18WorkerKnowsLocationOfProcedureManualsMsds"
                },
                {
                  "label": "19. Observation results have been discussed with worker",
                  "value": "19ObservationResultsHaveBeenDiscussedWithWorker"
                },
                {
                  "label": "20. Feedback from employee is discussed & noted",
                  "value": "20FeedbackFromEmployeeIsDiscussedNoted"
                },
                {
                  "label": "21. Forms have been saved to be used to provide stats for monitoring trends and patterns",
                  "value": "21FormsHaveBeenSavedToBeUsedToProvideStatsForMonitoringTrendsAndPatterns"
                }
              ],
              "values": [
                {
                  "label": "Yes",
                  "value": "yes",
                  "tooltip": "",
                  "flag": ""
                },
                {
                  "label": "No",
                  "value": "no",
                  "tooltip": "",
                  "flag": ""
                }
              ],
              "validate": {
                "required": true
              },
              "key": "employeeobservations1",
              "type": "survey",
              "input": true,
              "_actionsDriverKey": "actions"
            },
            {
              "label": "Comments",
              "labelWidth": 30,
              "labelMargin": 3,
              "autoExpand": true,
              "tableView": true,
              "reportable": true,
              "validate": {
                "required": true
              },
              "key": "comments",
              "type": "textarea",
              "input": true,
              "conditional": {
                "show": true,
                "when": "actions",
                "eq": "comments"
              }
            },
            {
              "label": "Photos",
              "labelWidth": 30,
              "labelMargin": 3,
              "hideLabel": true,
              "tableView": false,
              "fileTypes": [
                {
                  "label": "",
                  "value": ""
                }
              ],
              "imageSize": "400",
              "key": "photos",
              "type": "file",
              "input": true,
              "validate": {
                "required": true
              },
              "conditional": {
                "show": true,
                "when": "actions",
                "eq": "photos"
              }
            },
            {
              "label": "Tasks",
              "key": "tasksgroup",
              "type": "fieldset",
              "input": false,
              "tableView": false,
              "hideLabel": true,
              "conditional": {
                "show": true,
                "when": "actions",
                "eq": "task"
              },
              "components": [
                {
                  "label": "Tasks",
                  "labelWidth": 30,
                  "labelMargin": 3,
                  "hideLabel": true,
                  "tableView": false,
                  "key": "tasks",
                  "type": "tasks",
                  "input": true,
                  "defaultOpen": true,
                  "data": {},
                  "taskTriggers": [],
                  "components": [
                    {
                      "label": "Name",
                      "key": "title",
                      "type": "textfield",
                      "input": true,
                      "tableView": true,
                      "validate": {
                        "required": true
                      },
                      "labelWidth": 30,
                      "labelMargin": 3
                    },
                    {
                      "label": "Type",
                      "key": "type",
                      "type": "select",
                      "widget": "html5",
                      "input": true,
                      "tableView": true,
                      "validate": {
                        "required": true
                      },
                      "data": {
                        "values": [
                          {
                            "label": "Corrective",
                            "value": "corrective"
                          },
                          {
                            "label": "Preventive",
                            "value": "preventive"
                          },
                          {
                            "label": "Task",
                            "value": "task"
                          }
                        ]
                      },
                      "labelWidth": 30,
                      "labelMargin": 3
                    },
                    {
                      "label": "Priority",
                      "key": "priority",
                      "type": "select",
                      "widget": "html5",
                      "input": true,
                      "tableView": true,
                      "defaultValue": "low",
                      "validate": {
                        "required": true
                      },
                      "data": {
                        "values": [
                          {
                            "label": "Low",
                            "value": "low"
                          },
                          {
                            "label": "Medium",
                            "value": "medium"
                          },
                          {
                            "label": "High",
                            "value": "high"
                          }
                        ]
                      },
                      "labelWidth": 30,
                      "labelMargin": 3
                    },
                    {
                      "label": "Assigned To",
                      "key": "assignedTo",
                      "type": "account",
                      "widget": "choicesjs",
                      "multiple": true,
                      "input": true,
                      "tableView": true,
                      "validate": {
                        "required": true
                      },
                      "data": {
                        "values": []
                      },
                      "labelWidth": 30,
                      "labelMargin": 3
                    }
                  ]
                }
              ]
            },
            {
              "label": "Actions",
              "labelWidth": 30,
              "labelMargin": 3,
              "inline": true,
              "hideLabel": true,
              "optionsLabelPosition": "right",
              "tableView": false,
              "reportable": true,
              "key": "actions",
              "type": "selectboxes",
              "inputType": "checkbox",
              "input": true,
              "values": [
                {
                  "label": "Comments",
                  "value": "comments"
                },
                {
                  "label": "Photos",
                  "value": "photos"
                },
                {
                  "label": "Task",
                  "value": "task"
                }
              ],
              "defaultValue": {
                "comments": false,
                "photos": false,
                "task": false
              }
            },
            {
              "label": "Employee Discussion on listed above",
              "hideLabel": false,
              "key": "employeediscussiononlistedabove",
              "type": "radio",
              "input": true,
              "tableView": false,
              "reportable": true,
              "validate": {
                "required": true
              },
              "inline": true,
              "optionsLabelPosition": "right",
              "values": [
                {
                  "label": "Yes",
                  "value": "yes",
                  "shortcut": "",
                  "flag": ""
                },
                {
                  "label": "No",
                  "value": "no",
                  "shortcut": "",
                  "flag": ""
                }
              ]
            },
            {
              "label": "Date of Discussion",
              "hideLabel": false,
              "key": "dateofdiscussion",
              "type": "textfield",
              "input": true,
              "tableView": true,
              "reportable": true,
              "validate": {
                "required": true
              },
              "customType": "datetime",
              "widget": {
                "type": "calendar",
                "altInput": true,
                "allowInput": true,
                "clickOpens": true,
                "enableDate": true,
                "enableTime": false,
                "mode": "single",
                "noCalendar": false,
                "format": "yyyy-MM-dd",
                "dateFormat": "MMMM d, yyyy h:mm a",
                "useLocaleSettings": false,
                "hourIncrement": 1,
                "minuteIncrement": 5,
                "time_24hr": false,
                "saveAs": "text",
                "displayInTimezone": "viewer",
                "locale": "en"
              },
              "__mode": "date",
              "enableTime": false,
              "noCalendar": false,
              "format": "yyyy-MM-dd",
              "conditional": {
                "when": "employeediscussiononlistedabove",
                "eq": "yes",
                "show": true
              }
            },
            {
              "html": "<p>*Any Deficiencies must include a Corrective Action Report*</p>",
              "label": "*Any Deficiencies must include a Corrective Action Report*",
              "labelWidth": 30,
              "labelMargin": 3,
              "refreshOnChange": false,
              "key": "anydeficienciesmustincludeacorrectiveactionreport",
              "type": "content",
              "customType": "disclaimer",
              "input": false,
              "tableView": false,
              "validate": {
                "required": true
              }
            }
          ]
        }
      ]
    },
    {
      "label": "Supervisor Observations",
      "hideLabel": false,
      "key": "supervisorobservations",
      "type": "fieldset",
      "input": false,
      "tableView": false,
      "reportable": true,
      "validate": {
        "required": false
      },
      "legend": "Supervisor Observations",
      "components": [
        {
          "label": "Supervisor Observations",
          "labelWidth": 30,
          "labelMargin": 3,
          "hideLabel": false,
          "tableView": true,
          "reportable": true,
          "questions": [
            {
              "label": "1. Pre Job hazard assessment completed \t\t\t ensuring hazards have been identified and controls in place.",
              "value": "1PreJobHazardAssessmentCompletedEnsuringHazardsHaveBeenIdentifiedAndControlsInPlace"
            },
            {
              "label": "2. Customer/Primec safe work permit obtained",
              "value": "2CustomerPrimecSafeWorkPermitObtained"
            },
            {
              "label": "3. Fall arrest protection plan completed",
              "value": "3FallArrestProtectionPlanCompleted"
            },
            {
              "label": "4.  Works safely on job sites, follows all supervisor/trainer instructions including safe work practices or procedures",
              "value": "4WorksSafelyOnJobSitesFollowsAllSupervisorTrainerInstructionsIncludingSafeWorkPracticesOrProcedures"
            },
            {
              "label": "5. Wears proper PPE (steel toed boots, safety glasses, ear plugs, fire retardant clothing etc.)",
              "value": "5WearsProperPpeSteelToedBootsSafetyGlassesEarPlugsFireRetardantClothingEtc"
            },
            {
              "label": "6.  Is familiar with the safety program & task procedures.",
              "value": "6IsFamiliarWithTheSafetyProgramTaskProcedures"
            },
            {
              "label": "7.  Knows the location, type and operation of emergency equipment.",
              "value": "7KnowsTheLocationTypeAndOperationOfEmergencyEquipment"
            },
            {
              "label": "8.  Checks tools, equipment and PPE before using it.",
              "value": "8ChecksToolsEquipmentAndPpeBeforeUsingIt"
            },
            {
              "label": "9.  Partcipates in all training offererd.",
              "value": "9PartcipatesInAllTrainingOffererd"
            },
            {
              "label": "10.  Worker understands the manner of performing the task will minimize injuries.",
              "value": "10WorkerUnderstandsTheMannerOfPerformingTheTaskWillMinimizeInjuries"
            },
            {
              "label": "11.  Worker has completed the On-The-Job training for the task being done, including recognizing hazards.",
              "value": "11WorkerHasCompletedTheOnTheJobTrainingForTheTaskBeingDoneIncludingRecognizingHazards"
            },
            {
              "label": "12.  Worker is practising safe use and operation of equipment",
              "value": "12WorkerIsPractisingSafeUseAndOperationOfEquipment"
            },
            {
              "label": "13.  Workers know location of all required tools for task.",
              "value": "13WorkersKnowLocationOfAllRequiredToolsForTask"
            },
            {
              "label": "14.  Knows that all incidents/accidents be reported immediately.",
              "value": "14KnowsThatAllIncidentsAccidentsBeReportedImmediately"
            },
            {
              "label": "15.  Conducts informal site/work station inspection daily.",
              "value": "15ConductsInformalSiteWorkStationInspectionDaily"
            },
            {
              "label": "16.  Has been instructed how to complete follow-up paperwork.",
              "value": "16HasBeenInstructedHowToCompleteFollowUpPaperwork"
            },
            {
              "label": "17.  Is promptly following up all reported hazards.",
              "value": "17IsPromptlyFollowingUpAllReportedHazards"
            },
            {
              "label": "18.  Worker knows location of Procedure Manuals & MSDS",
              "value": "18WorkerKnowsLocationOfProcedureManualsMsds"
            },
            {
              "label": "19. Observation results have been discussed with worker",
              "value": "19ObservationResultsHaveBeenDiscussedWithWorker"
            },
            {
              "label": "20. Feedback from employee is discussed & noted",
              "value": "20FeedbackFromEmployeeIsDiscussedNoted"
            },
            {
              "label": "21. Forms have been saved to be used to provide stats for monitoring trends and patterns",
              "value": "21FormsHaveBeenSavedToBeUsedToProvideStatsForMonitoringTrendsAndPatterns"
            }
          ],
          "values": [
            {
              "label": "Yes",
              "value": "yes",
              "tooltip": "",
              "flag": ""
            },
            {
              "label": "No",
              "value": "no",
              "tooltip": "",
              "flag": ""
            }
          ],
          "validate": {
            "required": true
          },
          "key": "supervisorobservations1",
          "type": "survey",
          "input": true,
          "_actionsDriverKey": "actions1"
        },
        {
          "label": "Comments",
          "labelWidth": 30,
          "labelMargin": 3,
          "autoExpand": true,
          "tableView": true,
          "reportable": true,
          "validate": {
            "required": true
          },
          "key": "comments1",
          "type": "textarea",
          "input": true,
          "conditional": {
            "show": true,
            "when": "actions1",
            "eq": "comments"
          }
        },
        {
          "label": "Photos",
          "labelWidth": 30,
          "labelMargin": 3,
          "hideLabel": true,
          "tableView": false,
          "fileTypes": [
            {
              "label": "",
              "value": ""
            }
          ],
          "imageSize": "400",
          "key": "photos1",
          "type": "file",
          "input": true,
          "validate": {
            "required": true
          },
          "conditional": {
            "show": true,
            "when": "actions1",
            "eq": "photos"
          }
        },
        {
          "label": "Tasks",
          "key": "tasksgroup1",
          "type": "fieldset",
          "input": false,
          "tableView": false,
          "hideLabel": true,
          "conditional": {
            "show": true,
            "when": "actions1",
            "eq": "task"
          },
          "components": [
            {
              "label": "Tasks",
              "labelWidth": 30,
              "labelMargin": 3,
              "hideLabel": true,
              "tableView": false,
              "key": "tasks1",
              "type": "tasks",
              "input": true,
              "defaultOpen": true,
              "data": {},
              "taskTriggers": [],
              "components": [
                {
                  "label": "Name",
                  "key": "title",
                  "type": "textfield",
                  "input": true,
                  "tableView": true,
                  "validate": {
                    "required": true
                  },
                  "labelWidth": 30,
                  "labelMargin": 3
                },
                {
                  "label": "Type",
                  "key": "type",
                  "type": "select",
                  "widget": "html5",
                  "input": true,
                  "tableView": true,
                  "validate": {
                    "required": true
                  },
                  "data": {
                    "values": [
                      {
                        "label": "Corrective",
                        "value": "corrective"
                      },
                      {
                        "label": "Preventive",
                        "value": "preventive"
                      },
                      {
                        "label": "Task",
                        "value": "task"
                      }
                    ]
                  },
                  "labelWidth": 30,
                  "labelMargin": 3
                },
                {
                  "label": "Priority",
                  "key": "priority",
                  "type": "select",
                  "widget": "html5",
                  "input": true,
                  "tableView": true,
                  "defaultValue": "low",
                  "validate": {
                    "required": true
                  },
                  "data": {
                    "values": [
                      {
                        "label": "Low",
                        "value": "low"
                      },
                      {
                        "label": "Medium",
                        "value": "medium"
                      },
                      {
                        "label": "High",
                        "value": "high"
                      }
                    ]
                  },
                  "labelWidth": 30,
                  "labelMargin": 3
                },
                {
                  "label": "Assigned To",
                  "key": "assignedTo",
                  "type": "account",
                  "widget": "choicesjs",
                  "multiple": true,
                  "input": true,
                  "tableView": true,
                  "validate": {
                    "required": true
                  },
                  "data": {
                    "values": []
                  },
                  "labelWidth": 30,
                  "labelMargin": 3
                }
              ]
            }
          ]
        },
        {
          "label": "Actions",
          "labelWidth": 30,
          "labelMargin": 3,
          "inline": true,
          "hideLabel": true,
          "optionsLabelPosition": "right",
          "tableView": false,
          "reportable": true,
          "key": "actions1",
          "type": "selectboxes",
          "inputType": "checkbox",
          "input": true,
          "values": [
            {
              "label": "Comments",
              "value": "comments"
            },
            {
              "label": "Photos",
              "value": "photos"
            },
            {
              "label": "Task",
              "value": "task"
            }
          ],
          "defaultValue": {
            "comments": false,
            "photos": false,
            "task": false
          }
        },
        {
          "label": "Employee Discussion on listed above",
          "hideLabel": false,
          "key": "employeediscussiononlistedabove1",
          "type": "radio",
          "input": true,
          "tableView": false,
          "reportable": true,
          "validate": {
            "required": true
          },
          "inline": true,
          "optionsLabelPosition": "right",
          "values": [
            {
              "label": "Yes",
              "value": "yes",
              "shortcut": "",
              "flag": ""
            },
            {
              "label": "No",
              "value": "no",
              "shortcut": "",
              "flag": ""
            }
          ]
        },
        {
          "label": "Date of Discussion",
          "hideLabel": false,
          "key": "dateofdiscussion1",
          "type": "textfield",
          "input": true,
          "tableView": true,
          "reportable": true,
          "validate": {
            "required": true
          },
          "customType": "datetime",
          "widget": {
            "type": "calendar",
            "altInput": true,
            "allowInput": true,
            "clickOpens": true,
            "enableDate": true,
            "enableTime": false,
            "mode": "single",
            "noCalendar": false,
            "format": "yyyy-MM-dd",
            "dateFormat": "MMMM d, yyyy h:mm a",
            "useLocaleSettings": false,
            "hourIncrement": 1,
            "minuteIncrement": 5,
            "time_24hr": false,
            "saveAs": "text",
            "displayInTimezone": "viewer",
            "locale": "en"
          },
          "__mode": "date",
          "enableTime": false,
          "noCalendar": false,
          "format": "yyyy-MM-dd",
          "conditional": {
            "when": "employeediscussiononlistedabove1",
            "eq": "yes",
            "show": true
          }
        }
      ]
    }
  ]
}