{
  "label": "Grouping",
  "key": "grouping",
  "type": "fieldset",
  "input": false,
  "tableView": false,
  "components": [
    {
      "label": "General Information",
      "hideLabel": false,
      "key": "generalinformation",
      "type": "fieldset",
      "input": false,
      "tableView": false,
      "reportable": true,
      "validate": {
        "required": false
      },
      "legend": "General Information",
      "components": [
        {
          "label": "Inspecting",
          "hideLabel": false,
          "key": "inspecting",
          "type": "selectboxes",
          "input": true,
          "tableView": false,
          "reportable": true,
          "validate": {
            "required": true
          },
          "inputType": "checkbox",
          "optionsLabelPosition": "right",
          "modalEdit": true,
          "values": [
            {
              "label": "Work Area ( office, warehouse, shop)",
              "value": "workAreaOfficeWarehouseShop"
            },
            {
              "label": "Fire Prevention",
              "value": "firePrevention"
            },
            {
              "label": "Hand Tools",
              "value": "handTools"
            },
            {
              "label": "Ladders",
              "value": "ladders"
            },
            {
              "label": "Welding, Cutting and Grinding",
              "value": "weldingCuttingAndGrinding"
            },
            {
              "label": "Personal Protection",
              "value": "personalProtection"
            },
            {
              "label": "MSDS & Hazardous Waste",
              "value": "msdsHazardousWaste"
            },
            {
              "label": "Personnel",
              "value": "personnel"
            }
          ],
          "_actionsDriverKey": "actions8"
        },
        {
          "label": "Comments",
          "labelWidth": 30,
          "labelMargin": 3,
          "autoExpand": true,
          "tableView": true,
          "reportable": true,
          "validate": {
            "required": true
          },
          "key": "comments8",
          "type": "textarea",
          "input": true,
          "conditional": {
            "show": true,
            "when": "actions8",
            "eq": "comments"
          }
        },
        {
          "label": "Photos",
          "labelWidth": 30,
          "labelMargin": 3,
          "hideLabel": true,
          "tableView": false,
          "fileTypes": [
            {
              "label": "",
              "value": ""
            }
          ],
          "imageSize": "400",
          "key": "photos8",
          "type": "file",
          "input": true,
          "validate": {
            "required": true
          },
          "conditional": {
            "show": true,
            "when": "actions8",
            "eq": "photos"
          }
        },
        {
          "label": "Tasks",
          "key": "tasksgroup8",
          "type": "fieldset",
          "input": false,
          "tableView": false,
          "hideLabel": true,
          "conditional": {
            "show": true,
            "when": "actions8",
            "eq": "task"
          },
          "components": [
            {
              "label": "Tasks",
              "labelWidth": 30,
              "labelMargin": 3,
              "hideLabel": true,
              "tableView": false,
              "key": "tasks8",
              "type": "tasks",
              "input": true,
              "defaultOpen": true,
              "data": {},
              "taskTriggers": [],
              "components": [
                {
                  "label": "Name",
                  "key": "title",
                  "type": "textfield",
                  "input": true,
                  "tableView": true,
                  "validate": {
                    "required": true
                  },
                  "labelWidth": 30,
                  "labelMargin": 3
                },
                {
                  "label": "Type",
                  "key": "type",
                  "type": "select",
                  "widget": "html5",
                  "input": true,
                  "tableView": true,
                  "validate": {
                    "required": true
                  },
                  "data": {
                    "values": [
                      {
                        "label": "Corrective",
                        "value": "corrective"
                      },
                      {
                        "label": "Preventive",
                        "value": "preventive"
                      },
                      {
                        "label": "Task",
                        "value": "task"
                      }
                    ]
                  },
                  "labelWidth": 30,
                  "labelMargin": 3
                },
                {
                  "label": "Priority",
                  "key": "priority",
                  "type": "select",
                  "widget": "html5",
                  "input": true,
                  "tableView": true,
                  "defaultValue": "low",
                  "validate": {
                    "required": true
                  },
                  "data": {
                    "values": [
                      {
                        "label": "Low",
                        "value": "low"
                      },
                      {
                        "label": "Medium",
                        "value": "medium"
                      },
                      {
                        "label": "High",
                        "value": "high"
                      }
                    ]
                  },
                  "labelWidth": 30,
                  "labelMargin": 3
                },
                {
                  "label": "Assigned To",
                  "key": "assignedTo",
                  "type": "account",
                  "widget": "choicesjs",
                  "multiple": true,
                  "input": true,
                  "tableView": true,
                  "validate": {
                    "required": true
                  },
                  "data": {
                    "values": []
                  },
                  "labelWidth": 30,
                  "labelMargin": 3
                }
              ]
            }
          ]
        },
        {
          "label": "Actions",
          "labelWidth": 30,
          "labelMargin": 3,
          "inline": true,
          "hideLabel": true,
          "optionsLabelPosition": "right",
          "tableView": false,
          "reportable": true,
          "key": "actions8",
          "type": "selectboxes",
          "inputType": "checkbox",
          "input": true,
          "values": [
            {
              "label": "Comments",
              "value": "comments"
            },
            {
              "label": "Photos",
              "value": "photos"
            },
            {
              "label": "Task",
              "value": "task"
            }
          ],
          "defaultValue": {
            "comments": false,
            "photos": false,
            "task": false
          }
        },
        {
          "label": "Inspection Location",
          "hideLabel": false,
          "key": "inspectionlocation",
          "type": "textarea",
          "input": true,
          "tableView": true,
          "reportable": true,
          "validate": {
            "required": true
          },
          "rows": 1,
          "labelWidth": 30,
          "labelMargin": 3,
          "autoExpand": true
        },
        {
          "label": "Date",
          "hideLabel": false,
          "key": "date1",
          "type": "textfield",
          "input": true,
          "tableView": true,
          "reportable": true,
          "validate": {
            "required": true
          },
          "customType": "datetime",
          "widget": {
            "type": "calendar",
            "altInput": true,
            "allowInput": true,
            "clickOpens": true,
            "enableDate": true,
            "enableTime": false,
            "mode": "single",
            "noCalendar": false,
            "format": "yyyy-MM-dd",
            "dateFormat": "MMMM d, yyyy h:mm a",
            "useLocaleSettings": false,
            "hourIncrement": 1,
            "minuteIncrement": 5,
            "time_24hr": false,
            "saveAs": "text",
            "displayInTimezone": "viewer",
            "locale": "en"
          },
          "__mode": "date",
          "enableTime": false,
          "noCalendar": false,
          "format": "yyyy-MM-dd"
        }
      ]
    },
    {
      "label": "Work Area ( office, warehouse, shop)",
      "hideLabel": false,
      "key": "workareaofficewarehouseshop",
      "type": "fieldset",
      "input": false,
      "tableView": false,
      "reportable": true,
      "validate": {
        "required": true
      },
      "legend": "Work Area ( office, warehouse, shop)",
      "components": [
        {
          "label": "A - Work Area ( office, warehouse, shop)",
          "labelWidth": 30,
          "labelMargin": 3,
          "hideLabel": true,
          "tableView": true,
          "reportable": true,
          "questions": [
            {
              "label": "General neatness of work areas, benches & shelves",
              "value": "generalNeatnessOfWorkAreasBenchesShelves"
            },
            {
              "label": "Regular disposal of waste & trash",
              "value": "regularDisposalOfWasteTrash"
            },
            {
              "label": "Passageways and walkways clear, stairways clear",
              "value": "passagewaysAndWalkwaysClearStairwaysClear"
            },
            {
              "label": "Adequate lighting in work areas",
              "value": "adequateLightingInWorkAreas"
            },
            {
              "label": "Projecting nails or sharps removed",
              "value": "projectingNailsOrSharpsRemoved"
            },
            {
              "label": "Oil and grease removed from floors",
              "value": "oilAndGreaseRemovedFromFloors"
            },
            {
              "label": "Waste containers provided and used",
              "value": "wasteContainersProvidedAndUsed"
            },
            {
              "label": "Sanitary facilities adequate and clean",
              "value": "sanitaryFacilitiesAdequateAndClean"
            },
            {
              "label": "Are work areas free of debris, snow, ice, grease?",
              "value": "areWorkAreasFreeOfDebrisSnowIceGrease"
            },
            {
              "label": "Heating and cooling in working order. Change filters in furnace main floor and upstairs",
              "value": "heatingAndCoolingInWorkingOrderChangeFiltersInFurnaceMainFloorAndUpstairs"
            },
            {
              "label": "Bay door exit ways clear, doors working properly",
              "value": "bayDoorExitWaysClearDoorsWorkingProperly"
            },
            {
              "label": "Office desks clear and clean",
              "value": "officeDesksClearAndClean"
            },
            {
              "label": "Warning signs and labels in place",
              "value": "warningSignsAndLabelsInPlace"
            },
            {
              "label": "Neatness of lunchrooms, offices & storage rooms",
              "value": "neatnessOfLunchroomsOfficesStorageRooms"
            },
            {
              "label": "Emergency Lights Working ( 2 upstairs, 2 front office,",
              "value": "emergencyLightsWorking2Upstairs2FrontOffice"
            },
            {
              "label": "2 in warehouse, 2 back shop, 2 in Apollo warehouse)",
              "value": "2InWarehouse2BackShop2InApolloWarehouse"
            },
            {
              "label": "Generator in working order. Complete checklist on generator",
              "value": "generatorInWorkingOrderCompleteChecklistOnGenerator"
            },
            {
              "label": "Test level switches/pill switch on septic tanks (May/October)",
              "value": "testLevelSwitchesPillSwitchOnSepticTanksMayOctober"
            }
          ],
          "values": [
            {
              "label": "Safe",
              "value": "safe",
              "tooltip": "",
              "flag": "success"
            },
            {
              "label": "At Risk",
              "value": "atRisk",
              "tooltip": "",
              "flag": "danger"
            },
            {
              "label": "NA",
              "value": "na",
              "tooltip": "",
              "flag": ""
            }
          ],
          "validate": {
            "required": true
          },
          "key": "aworkareaofficewarehouseshop",
          "type": "survey",
          "input": true,
          "_actionsDriverKey": "actions"
        },
        {
          "label": "Comments",
          "labelWidth": 30,
          "labelMargin": 3,
          "autoExpand": true,
          "tableView": true,
          "reportable": true,
          "validate": {
            "required": true
          },
          "key": "comments",
          "type": "textarea",
          "input": true,
          "conditional": {
            "show": true,
            "when": "actions",
            "eq": "comments"
          }
        },
        {
          "label": "Photos",
          "labelWidth": 30,
          "labelMargin": 3,
          "hideLabel": true,
          "tableView": false,
          "fileTypes": [
            {
              "label": "",
              "value": ""
            }
          ],
          "imageSize": "400",
          "key": "photos",
          "type": "file",
          "input": true,
          "validate": {
            "required": true
          },
          "conditional": {
            "show": true,
            "when": "actions",
            "eq": "photos"
          }
        },
        {
          "label": "Tasks",
          "key": "tasksgroup",
          "type": "fieldset",
          "input": false,
          "tableView": false,
          "hideLabel": true,
          "conditional": {
            "show": true,
            "when": "actions",
            "eq": "task"
          },
          "components": [
            {
              "label": "Tasks",
              "labelWidth": 30,
              "labelMargin": 3,
              "hideLabel": true,
              "tableView": false,
              "key": "tasks",
              "type": "tasks",
              "input": true,
              "defaultOpen": true,
              "data": {},
              "taskTriggers": [],
              "components": [
                {
                  "label": "Name",
                  "key": "title",
                  "type": "textfield",
                  "input": true,
                  "tableView": true,
                  "validate": {
                    "required": true
                  },
                  "labelWidth": 30,
                  "labelMargin": 3
                },
                {
                  "label": "Type",
                  "key": "type",
                  "type": "select",
                  "widget": "html5",
                  "input": true,
                  "tableView": true,
                  "validate": {
                    "required": true
                  },
                  "data": {
                    "values": [
                      {
                        "label": "Corrective",
                        "value": "corrective"
                      },
                      {
                        "label": "Preventive",
                        "value": "preventive"
                      },
                      {
                        "label": "Task",
                        "value": "task"
                      }
                    ]
                  },
                  "labelWidth": 30,
                  "labelMargin": 3
                },
                {
                  "label": "Priority",
                  "key": "priority",
                  "type": "select",
                  "widget": "html5",
                  "input": true,
                  "tableView": true,
                  "defaultValue": "low",
                  "validate": {
                    "required": true
                  },
                  "data": {
                    "values": [
                      {
                        "label": "Low",
                        "value": "low"
                      },
                      {
                        "label": "Medium",
                        "value": "medium"
                      },
                      {
                        "label": "High",
                        "value": "high"
                      }
                    ]
                  },
                  "labelWidth": 30,
                  "labelMargin": 3
                },
                {
                  "label": "Assigned To",
                  "key": "assignedTo",
                  "type": "account",
                  "widget": "choicesjs",
                  "multiple": true,
                  "input": true,
                  "tableView": true,
                  "validate": {
                    "required": true
                  },
                  "data": {
                    "values": []
                  },
                  "labelWidth": 30,
                  "labelMargin": 3
                }
              ]
            }
          ]
        },
        {
          "label": "Actions",
          "labelWidth": 30,
          "labelMargin": 3,
          "inline": true,
          "hideLabel": true,
          "optionsLabelPosition": "right",
          "tableView": false,
          "reportable": true,
          "key": "actions",
          "type": "selectboxes",
          "inputType": "checkbox",
          "input": true,
          "values": [
            {
              "label": "Comments",
              "value": "comments"
            },
            {
              "label": "Photos",
              "value": "photos"
            },
            {
              "label": "Task",
              "value": "task"
            }
          ],
          "defaultValue": {
            "comments": false,
            "photos": false,
            "task": false
          }
        }
      ],
      "conditional": {
        "when": "inspecting",
        "eq": "workAreaOfficeWarehouseShop",
        "show": true
      }
    },
    {
      "label": "Fire Prevention",
      "hideLabel": false,
      "key": "fireprevention",
      "type": "fieldset",
      "input": false,
      "tableView": false,
      "reportable": true,
      "validate": {
        "required": true
      },
      "legend": "Fire Prevention",
      "components": [
        {
          "label": "Survey",
          "labelWidth": 30,
          "labelMargin": 3,
          "hideLabel": true,
          "tableView": true,
          "reportable": true,
          "questions": [
            {
              "label": "Fire Extinguishers checked (1 in each truck, 1 upstairs, 1 front office, 3 in shop, 2 in warehouse, 1 in welding bay, 2 in Apollo shop- by office and exterior man door)",
              "value": "fireExtinguishersChecked1InEachTruck1Upstairs1FrontOffice3InShop2InWarehouse1InWeldingBay2InApolloShopByOfficeAndExteriorManDoor"
            },
            {
              "label": "Emergency phone numbers posted near each phone",
              "value": "emergencyPhoneNumbersPostedNearEachPhone"
            },
            {
              "label": "Hydrants clear, access to public thoroughfare open",
              "value": "hydrantsClearAccessToPublicThoroughfareOpen"
            },
            {
              "label": "\"No Smoking\" posted and enforced where needed",
              "value": "noSmokingPostedAndEnforcedWhereNeeded"
            },
            {
              "label": "Fire extinguishers properly mounted/clear access",
              "value": "fireExtinguishersProperlyMountedClearAccess"
            },
            {
              "label": "Proper storage of flammables, chemicals & propane bottles",
              "value": "properStorageOfFlammablesChemicalsPropaneBottles"
            }
          ],
          "values": [
            {
              "label": "Safe",
              "value": "safe",
              "tooltip": "",
              "flag": "success"
            },
            {
              "label": "At Risk",
              "value": "atRisk",
              "tooltip": "",
              "flag": "danger"
            },
            {
              "label": "NA",
              "value": "na",
              "tooltip": "",
              "flag": ""
            }
          ],
          "validate": {
            "required": true
          },
          "key": "survey",
          "type": "survey",
          "input": true,
          "_actionsDriverKey": "actions1"
        },
        {
          "label": "Comments",
          "labelWidth": 30,
          "labelMargin": 3,
          "autoExpand": true,
          "tableView": true,
          "reportable": true,
          "validate": {
            "required": true
          },
          "key": "comments1",
          "type": "textarea",
          "input": true,
          "conditional": {
            "show": true,
            "when": "actions1",
            "eq": "comments"
          }
        },
        {
          "label": "Photos",
          "labelWidth": 30,
          "labelMargin": 3,
          "hideLabel": true,
          "tableView": false,
          "fileTypes": [
            {
              "label": "",
              "value": ""
            }
          ],
          "imageSize": "400",
          "key": "photos1",
          "type": "file",
          "input": true,
          "validate": {
            "required": true
          },
          "conditional": {
            "show": true,
            "when": "actions1",
            "eq": "photos"
          }
        },
        {
          "label": "Tasks",
          "key": "tasksgroup1",
          "type": "fieldset",
          "input": false,
          "tableView": false,
          "hideLabel": true,
          "conditional": {
            "show": true,
            "when": "actions1",
            "eq": "task"
          },
          "components": [
            {
              "label": "Tasks",
              "labelWidth": 30,
              "labelMargin": 3,
              "hideLabel": true,
              "tableView": false,
              "key": "tasks1",
              "type": "tasks",
              "input": true,
              "defaultOpen": true,
              "data": {},
              "taskTriggers": [],
              "components": [
                {
                  "label": "Name",
                  "key": "title",
                  "type": "textfield",
                  "input": true,
                  "tableView": true,
                  "validate": {
                    "required": true
                  },
                  "labelWidth": 30,
                  "labelMargin": 3
                },
                {
                  "label": "Type",
                  "key": "type",
                  "type": "select",
                  "widget": "html5",
                  "input": true,
                  "tableView": true,
                  "validate": {
                    "required": true
                  },
                  "data": {
                    "values": [
                      {
                        "label": "Corrective",
                        "value": "corrective"
                      },
                      {
                        "label": "Preventive",
                        "value": "preventive"
                      },
                      {
                        "label": "Task",
                        "value": "task"
                      }
                    ]
                  },
                  "labelWidth": 30,
                  "labelMargin": 3
                },
                {
                  "label": "Priority",
                  "key": "priority",
                  "type": "select",
                  "widget": "html5",
                  "input": true,
                  "tableView": true,
                  "defaultValue": "low",
                  "validate": {
                    "required": true
                  },
                  "data": {
                    "values": [
                      {
                        "label": "Low",
                        "value": "low"
                      },
                      {
                        "label": "Medium",
                        "value": "medium"
                      },
                      {
                        "label": "High",
                        "value": "high"
                      }
                    ]
                  },
                  "labelWidth": 30,
                  "labelMargin": 3
                },
                {
                  "label": "Assigned To",
                  "key": "assignedTo",
                  "type": "account",
                  "widget": "choicesjs",
                  "multiple": true,
                  "input": true,
                  "tableView": true,
                  "validate": {
                    "required": true
                  },
                  "data": {
                    "values": []
                  },
                  "labelWidth": 30,
                  "labelMargin": 3
                }
              ]
            }
          ]
        },
        {
          "label": "Actions",
          "labelWidth": 30,
          "labelMargin": 3,
          "inline": true,
          "hideLabel": true,
          "optionsLabelPosition": "right",
          "tableView": false,
          "reportable": true,
          "key": "actions1",
          "type": "selectboxes",
          "inputType": "checkbox",
          "input": true,
          "values": [
            {
              "label": "Comments",
              "value": "comments"
            },
            {
              "label": "Photos",
              "value": "photos"
            },
            {
              "label": "Task",
              "value": "task"
            }
          ],
          "defaultValue": {
            "comments": false,
            "photos": false,
            "task": false
          }
        }
      ],
      "conditional": {
        "when": "inspecting",
        "eq": "firePrevention",
        "show": true
      }
    },
    {
      "label": "Hand Tools",
      "hideLabel": false,
      "key": "handtools",
      "type": "fieldset",
      "input": false,
      "tableView": false,
      "reportable": true,
      "validate": {
        "required": true
      },
      "legend": "Hand Tools",
      "components": [
        {
          "label": "C - Hand Tools",
          "labelWidth": 30,
          "labelMargin": 3,
          "hideLabel": true,
          "tableView": true,
          "reportable": true,
          "questions": [
            {
              "label": "Proper tools/PPE being used for each job",
              "value": "properToolsPpeBeingUsedForEachJob"
            },
            {
              "label": "Neat tool storage, safe carrying",
              "value": "neatToolStorageSafeCarrying"
            },
            {
              "label": "Air hoses & fittings in good working order",
              "value": "airHosesFittingsInGoodWorkingOrder"
            },
            {
              "label": "Damaged tools and cords removed from service or fixed",
              "value": "damagedToolsAndCordsRemovedFromServiceOrFixed"
            },
            {
              "label": "Hazard Controls in place : Guards, screens, fans, etc.",
              "value": "hazardControlsInPlaceGuardsScreensFansEtc"
            }
          ],
          "values": [
            {
              "label": "Safe",
              "value": "safe",
              "tooltip": "",
              "flag": "success"
            },
            {
              "label": "At Risk",
              "value": "atRisk",
              "tooltip": "",
              "flag": "danger"
            },
            {
              "label": "NA",
              "value": "na",
              "tooltip": "",
              "flag": ""
            }
          ],
          "validate": {
            "required": true
          },
          "key": "chandtools",
          "type": "survey",
          "input": true,
          "_actionsDriverKey": "actions2"
        },
        {
          "label": "Comments",
          "labelWidth": 30,
          "labelMargin": 3,
          "autoExpand": true,
          "tableView": true,
          "reportable": true,
          "validate": {
            "required": true
          },
          "key": "comments2",
          "type": "textarea",
          "input": true,
          "conditional": {
            "show": true,
            "when": "actions2",
            "eq": "comments"
          }
        },
        {
          "label": "Photos",
          "labelWidth": 30,
          "labelMargin": 3,
          "hideLabel": true,
          "tableView": false,
          "fileTypes": [
            {
              "label": "",
              "value": ""
            }
          ],
          "imageSize": "400",
          "key": "photos2",
          "type": "file",
          "input": true,
          "validate": {
            "required": true
          },
          "conditional": {
            "show": true,
            "when": "actions2",
            "eq": "photos"
          }
        },
        {
          "label": "Tasks",
          "key": "tasksgroup2",
          "type": "fieldset",
          "input": false,
          "tableView": false,
          "hideLabel": true,
          "conditional": {
            "show": true,
            "when": "actions2",
            "eq": "task"
          },
          "components": [
            {
              "label": "Tasks",
              "labelWidth": 30,
              "labelMargin": 3,
              "hideLabel": true,
              "tableView": false,
              "key": "tasks2",
              "type": "tasks",
              "input": true,
              "defaultOpen": true,
              "data": {},
              "taskTriggers": [],
              "components": [
                {
                  "label": "Name",
                  "key": "title",
                  "type": "textfield",
                  "input": true,
                  "tableView": true,
                  "validate": {
                    "required": true
                  },
                  "labelWidth": 30,
                  "labelMargin": 3
                },
                {
                  "label": "Type",
                  "key": "type",
                  "type": "select",
                  "widget": "html5",
                  "input": true,
                  "tableView": true,
                  "validate": {
                    "required": true
                  },
                  "data": {
                    "values": [
                      {
                        "label": "Corrective",
                        "value": "corrective"
                      },
                      {
                        "label": "Preventive",
                        "value": "preventive"
                      },
                      {
                        "label": "Task",
                        "value": "task"
                      }
                    ]
                  },
                  "labelWidth": 30,
                  "labelMargin": 3
                },
                {
                  "label": "Priority",
                  "key": "priority",
                  "type": "select",
                  "widget": "html5",
                  "input": true,
                  "tableView": true,
                  "defaultValue": "low",
                  "validate": {
                    "required": true
                  },
                  "data": {
                    "values": [
                      {
                        "label": "Low",
                        "value": "low"
                      },
                      {
                        "label": "Medium",
                        "value": "medium"
                      },
                      {
                        "label": "High",
                        "value": "high"
                      }
                    ]
                  },
                  "labelWidth": 30,
                  "labelMargin": 3
                },
                {
                  "label": "Assigned To",
                  "key": "assignedTo",
                  "type": "account",
                  "widget": "choicesjs",
                  "multiple": true,
                  "input": true,
                  "tableView": true,
                  "validate": {
                    "required": true
                  },
                  "data": {
                    "values": []
                  },
                  "labelWidth": 30,
                  "labelMargin": 3
                }
              ]
            }
          ]
        },
        {
          "label": "Actions",
          "labelWidth": 30,
          "labelMargin": 3,
          "inline": true,
          "hideLabel": true,
          "optionsLabelPosition": "right",
          "tableView": false,
          "reportable": true,
          "key": "actions2",
          "type": "selectboxes",
          "inputType": "checkbox",
          "input": true,
          "values": [
            {
              "label": "Comments",
              "value": "comments"
            },
            {
              "label": "Photos",
              "value": "photos"
            },
            {
              "label": "Task",
              "value": "task"
            }
          ],
          "defaultValue": {
            "comments": false,
            "photos": false,
            "task": false
          }
        }
      ],
      "conditional": {
        "when": "inspecting",
        "eq": "handTools",
        "show": true
      }
    },
    {
      "label": "Ladders",
      "hideLabel": false,
      "key": "ladders",
      "type": "fieldset",
      "input": false,
      "tableView": false,
      "reportable": true,
      "validate": {
        "required": true
      },
      "legend": "Ladders",
      "components": [
        {
          "label": "D -  Ladders",
          "labelWidth": 30,
          "labelMargin": 3,
          "hideLabel": true,
          "tableView": true,
          "reportable": true,
          "questions": [
            {
              "label": "Ladders inspected and in good condition",
              "value": "laddersInspectedAndInGoodCondition"
            },
            {
              "label": "Properly secured to prevent slipping, sliding, falling",
              "value": "properlySecuredToPreventSlippingSlidingFalling"
            },
            {
              "label": "Do side rails extend 42'' above top landing",
              "value": "doSideRailsExtend42AboveTopLanding"
            },
            {
              "label": "Stepladders fully open when in use",
              "value": "stepladdersFullyOpenWhenInUse"
            },
            {
              "label": "Stepladders placed out of the way when not in use",
              "value": "stepladdersPlacedOutOfTheWayWhenNotInUse"
            },
            {
              "label": "Metal ladder not used around electrical hazards",
              "value": "metalLadderNotUsedAroundElectricalHazards"
            },
            {
              "label": "Proper maintenance and storage of tall ladders",
              "value": "properMaintenanceAndStorageOfTallLadders"
            },
            {
              "label": "Are non skid safety feet in use",
              "value": "areNonSkidSafetyFeetInUse"
            }
          ],
          "values": [
            {
              "label": "Safe",
              "value": "safe",
              "tooltip": "",
              "flag": "success"
            },
            {
              "label": "At Risk",
              "value": "atRisk",
              "tooltip": "",
              "flag": "danger"
            },
            {
              "label": "NA",
              "value": "na",
              "tooltip": "",
              "flag": ""
            }
          ],
          "validate": {
            "required": true
          },
          "key": "dladders",
          "type": "survey",
          "input": true,
          "_actionsDriverKey": "actions3"
        },
        {
          "label": "Comments",
          "labelWidth": 30,
          "labelMargin": 3,
          "autoExpand": true,
          "tableView": true,
          "reportable": true,
          "validate": {
            "required": true
          },
          "key": "comments3",
          "type": "textarea",
          "input": true,
          "conditional": {
            "show": true,
            "when": "actions3",
            "eq": "comments"
          }
        },
        {
          "label": "Photos",
          "labelWidth": 30,
          "labelMargin": 3,
          "hideLabel": true,
          "tableView": false,
          "fileTypes": [
            {
              "label": "",
              "value": ""
            }
          ],
          "imageSize": "400",
          "key": "photos3",
          "type": "file",
          "input": true,
          "validate": {
            "required": true
          },
          "conditional": {
            "show": true,
            "when": "actions3",
            "eq": "photos"
          }
        },
        {
          "label": "Tasks",
          "key": "tasksgroup3",
          "type": "fieldset",
          "input": false,
          "tableView": false,
          "hideLabel": true,
          "conditional": {
            "show": true,
            "when": "actions3",
            "eq": "task"
          },
          "components": [
            {
              "label": "Tasks",
              "labelWidth": 30,
              "labelMargin": 3,
              "hideLabel": true,
              "tableView": false,
              "key": "tasks3",
              "type": "tasks",
              "input": true,
              "defaultOpen": true,
              "data": {},
              "taskTriggers": [],
              "components": [
                {
                  "label": "Name",
                  "key": "title",
                  "type": "textfield",
                  "input": true,
                  "tableView": true,
                  "validate": {
                    "required": true
                  },
                  "labelWidth": 30,
                  "labelMargin": 3
                },
                {
                  "label": "Type",
                  "key": "type",
                  "type": "select",
                  "widget": "html5",
                  "input": true,
                  "tableView": true,
                  "validate": {
                    "required": true
                  },
                  "data": {
                    "values": [
                      {
                        "label": "Corrective",
                        "value": "corrective"
                      },
                      {
                        "label": "Preventive",
                        "value": "preventive"
                      },
                      {
                        "label": "Task",
                        "value": "task"
                      }
                    ]
                  },
                  "labelWidth": 30,
                  "labelMargin": 3
                },
                {
                  "label": "Priority",
                  "key": "priority",
                  "type": "select",
                  "widget": "html5",
                  "input": true,
                  "tableView": true,
                  "defaultValue": "low",
                  "validate": {
                    "required": true
                  },
                  "data": {
                    "values": [
                      {
                        "label": "Low",
                        "value": "low"
                      },
                      {
                        "label": "Medium",
                        "value": "medium"
                      },
                      {
                        "label": "High",
                        "value": "high"
                      }
                    ]
                  },
                  "labelWidth": 30,
                  "labelMargin": 3
                },
                {
                  "label": "Assigned To",
                  "key": "assignedTo",
                  "type": "account",
                  "widget": "choicesjs",
                  "multiple": true,
                  "input": true,
                  "tableView": true,
                  "validate": {
                    "required": true
                  },
                  "data": {
                    "values": []
                  },
                  "labelWidth": 30,
                  "labelMargin": 3
                }
              ]
            }
          ]
        },
        {
          "label": "Actions",
          "labelWidth": 30,
          "labelMargin": 3,
          "inline": true,
          "hideLabel": true,
          "optionsLabelPosition": "right",
          "tableView": false,
          "reportable": true,
          "key": "actions3",
          "type": "selectboxes",
          "inputType": "checkbox",
          "input": true,
          "values": [
            {
              "label": "Comments",
              "value": "comments"
            },
            {
              "label": "Photos",
              "value": "photos"
            },
            {
              "label": "Task",
              "value": "task"
            }
          ],
          "defaultValue": {
            "comments": false,
            "photos": false,
            "task": false
          }
        }
      ],
      "conditional": {
        "when": "inspecting",
        "eq": "ladders",
        "show": true
      }
    },
    {
      "label": "Welding, Cutting and Grinding",
      "hideLabel": false,
      "key": "weldingcuttingandgrinding",
      "type": "fieldset",
      "input": false,
      "tableView": false,
      "reportable": true,
      "validate": {
        "required": true
      },
      "legend": "Welding, Cutting and Grinding",
      "components": [
        {
          "label": "E - Welding, Cutting and Grinding",
          "labelWidth": 30,
          "labelMargin": 3,
          "hideLabel": true,
          "tableView": true,
          "reportable": true,
          "questions": [
            {
              "label": "Screens and shield in place",
              "value": "screensAndShieldInPlace"
            },
            {
              "label": "Goggles, gloves and clothing",
              "value": "gogglesGlovesAndClothing"
            },
            {
              "label": "Equipment in operating condition",
              "value": "equipmentInOperatingCondition"
            },
            {
              "label": "Electrical equipment grounded",
              "value": "electricalEquipmentGrounded"
            },
            {
              "label": "Power cables protected and in good repair",
              "value": "powerCablesProtectedAndInGoodRepair"
            },
            {
              "label": "Fire extinguisher of proper type nearby",
              "value": "fireExtinguisherOfProperTypeNearby"
            },
            {
              "label": "Are areas below and adjacent to weld/cutting",
              "value": "areAreasBelowAndAdjacentToWeldCutting"
            },
            {
              "label": "operations clear of fire hazards",
              "value": "operationsClearOfFireHazards"
            },
            {
              "label": "Gas cylinders secured upright with overhead",
              "value": "gasCylindersSecuredUprightWithOverhead"
            },
            {
              "label": "protection as required",
              "value": "protectionAsRequired"
            },
            {
              "label": "Gas lines protected and in good condition",
              "value": "gasLinesProtectedAndInGoodCondition"
            },
            {
              "label": "Are cylinder cars in use",
              "value": "areCylinderCarsInUse"
            },
            {
              "label": "Proper ventilation during welding activities",
              "value": "properVentilationDuringWeldingActivities"
            },
            {
              "label": "Are flash back arrestors in use",
              "value": "areFlashBackArrestorsInUse"
            },
            {
              "label": "Hot work permit where needed",
              "value": "hotWorkPermitWhereNeeded"
            },
            {
              "label": "Are hazardous work areas posted",
              "value": "areHazardousWorkAreasPosted"
            }
          ],
          "values": [
            {
              "label": "Safe",
              "value": "safe",
              "tooltip": "",
              "flag": "success"
            },
            {
              "label": "At Risk",
              "value": "atRisk",
              "tooltip": "",
              "flag": "danger"
            },
            {
              "label": "NA",
              "value": "na",
              "tooltip": "",
              "flag": ""
            }
          ],
          "validate": {
            "required": true
          },
          "key": "eweldingcuttingandgrinding",
          "type": "survey",
          "input": true,
          "_actionsDriverKey": "actions4"
        },
        {
          "label": "Comments",
          "labelWidth": 30,
          "labelMargin": 3,
          "autoExpand": true,
          "tableView": true,
          "reportable": true,
          "validate": {
            "required": true
          },
          "key": "comments4",
          "type": "textarea",
          "input": true,
          "conditional": {
            "show": true,
            "when": "actions4",
            "eq": "comments"
          }
        },
        {
          "label": "Photos",
          "labelWidth": 30,
          "labelMargin": 3,
          "hideLabel": true,
          "tableView": false,
          "fileTypes": [
            {
              "label": "",
              "value": ""
            }
          ],
          "imageSize": "400",
          "key": "photos4",
          "type": "file",
          "input": true,
          "validate": {
            "required": true
          },
          "conditional": {
            "show": true,
            "when": "actions4",
            "eq": "photos"
          }
        },
        {
          "label": "Tasks",
          "key": "tasksgroup4",
          "type": "fieldset",
          "input": false,
          "tableView": false,
          "hideLabel": true,
          "conditional": {
            "show": true,
            "when": "actions4",
            "eq": "task"
          },
          "components": [
            {
              "label": "Tasks",
              "labelWidth": 30,
              "labelMargin": 3,
              "hideLabel": true,
              "tableView": false,
              "key": "tasks4",
              "type": "tasks",
              "input": true,
              "defaultOpen": true,
              "data": {},
              "taskTriggers": [],
              "components": [
                {
                  "label": "Name",
                  "key": "title",
                  "type": "textfield",
                  "input": true,
                  "tableView": true,
                  "validate": {
                    "required": true
                  },
                  "labelWidth": 30,
                  "labelMargin": 3
                },
                {
                  "label": "Type",
                  "key": "type",
                  "type": "select",
                  "widget": "html5",
                  "input": true,
                  "tableView": true,
                  "validate": {
                    "required": true
                  },
                  "data": {
                    "values": [
                      {
                        "label": "Corrective",
                        "value": "corrective"
                      },
                      {
                        "label": "Preventive",
                        "value": "preventive"
                      },
                      {
                        "label": "Task",
                        "value": "task"
                      }
                    ]
                  },
                  "labelWidth": 30,
                  "labelMargin": 3
                },
                {
                  "label": "Priority",
                  "key": "priority",
                  "type": "select",
                  "widget": "html5",
                  "input": true,
                  "tableView": true,
                  "defaultValue": "low",
                  "validate": {
                    "required": true
                  },
                  "data": {
                    "values": [
                      {
                        "label": "Low",
                        "value": "low"
                      },
                      {
                        "label": "Medium",
                        "value": "medium"
                      },
                      {
                        "label": "High",
                        "value": "high"
                      }
                    ]
                  },
                  "labelWidth": 30,
                  "labelMargin": 3
                },
                {
                  "label": "Assigned To",
                  "key": "assignedTo",
                  "type": "account",
                  "widget": "choicesjs",
                  "multiple": true,
                  "input": true,
                  "tableView": true,
                  "validate": {
                    "required": true
                  },
                  "data": {
                    "values": []
                  },
                  "labelWidth": 30,
                  "labelMargin": 3
                }
              ]
            }
          ]
        },
        {
          "label": "Actions",
          "labelWidth": 30,
          "labelMargin": 3,
          "inline": true,
          "hideLabel": true,
          "optionsLabelPosition": "right",
          "tableView": false,
          "reportable": true,
          "key": "actions4",
          "type": "selectboxes",
          "inputType": "checkbox",
          "input": true,
          "values": [
            {
              "label": "Comments",
              "value": "comments"
            },
            {
              "label": "Photos",
              "value": "photos"
            },
            {
              "label": "Task",
              "value": "task"
            }
          ],
          "defaultValue": {
            "comments": false,
            "photos": false,
            "task": false
          }
        }
      ],
      "conditional": {
        "when": "inspecting",
        "eq": "weldingCuttingAndGrinding",
        "show": true
      }
    },
    {
      "label": "Personal Protection",
      "hideLabel": false,
      "key": "personalprotection",
      "type": "fieldset",
      "input": false,
      "tableView": false,
      "reportable": true,
      "validate": {
        "required": true
      },
      "legend": "Personal Protection",
      "components": [
        {
          "label": "F - Personal Protection",
          "labelWidth": 30,
          "labelMargin": 3,
          "hideLabel": true,
          "tableView": true,
          "reportable": true,
          "questions": [
            {
              "label": "Approved safety glasses and side shields",
              "value": "approvedSafetyGlassesAndSideShields"
            },
            {
              "label": "Safety boots",
              "value": "safetyBoots"
            },
            {
              "label": "Hard hats",
              "value": "hardHats"
            },
            {
              "label": "Hearing protection where needed",
              "value": "hearingProtectionWhereNeeded"
            },
            {
              "label": "Respiratory protection where needed",
              "value": "respiratoryProtectionWhereNeeded"
            },
            {
              "label": "Inspection and use of safety belts and lanyards",
              "value": "inspectionAndUseOfSafetyBeltsAndLanyards"
            },
            {
              "label": "Personal clothing / coveralls",
              "value": "personalClothingCoveralls"
            },
            {
              "label": "First aid kit and contents",
              "value": "firstAidKitAndContents"
            },
            {
              "label": "Personal monitors",
              "value": "personalMonitors"
            },
            {
              "label": "Eye wash stations clean & operational",
              "value": "eyeWashStationsCleanOperational"
            },
            {
              "label": "Scott air paks ready for use",
              "value": "scottAirPaksReadyForUse"
            }
          ],
          "values": [
            {
              "label": "Safe",
              "value": "safe",
              "tooltip": "",
              "flag": "success"
            },
            {
              "label": "At Risk",
              "value": "atRisk",
              "tooltip": "",
              "flag": "danger"
            },
            {
              "label": "NA",
              "value": "na",
              "tooltip": "",
              "flag": ""
            }
          ],
          "validate": {
            "required": true
          },
          "key": "fpersonalprotection",
          "type": "survey",
          "input": true,
          "_actionsDriverKey": "actions5"
        },
        {
          "label": "Comments",
          "labelWidth": 30,
          "labelMargin": 3,
          "autoExpand": true,
          "tableView": true,
          "reportable": true,
          "validate": {
            "required": true
          },
          "key": "comments5",
          "type": "textarea",
          "input": true,
          "conditional": {
            "show": true,
            "when": "actions5",
            "eq": "comments"
          }
        },
        {
          "label": "Photos",
          "labelWidth": 30,
          "labelMargin": 3,
          "hideLabel": true,
          "tableView": false,
          "fileTypes": [
            {
              "label": "",
              "value": ""
            }
          ],
          "imageSize": "400",
          "key": "photos5",
          "type": "file",
          "input": true,
          "validate": {
            "required": true
          },
          "conditional": {
            "show": true,
            "when": "actions5",
            "eq": "photos"
          }
        },
        {
          "label": "Tasks",
          "key": "tasksgroup5",
          "type": "fieldset",
          "input": false,
          "tableView": false,
          "hideLabel": true,
          "conditional": {
            "show": true,
            "when": "actions5",
            "eq": "task"
          },
          "components": [
            {
              "label": "Tasks",
              "labelWidth": 30,
              "labelMargin": 3,
              "hideLabel": true,
              "tableView": false,
              "key": "tasks5",
              "type": "tasks",
              "input": true,
              "defaultOpen": true,
              "data": {},
              "taskTriggers": [],
              "components": [
                {
                  "label": "Name",
                  "key": "title",
                  "type": "textfield",
                  "input": true,
                  "tableView": true,
                  "validate": {
                    "required": true
                  },
                  "labelWidth": 30,
                  "labelMargin": 3
                },
                {
                  "label": "Type",
                  "key": "type",
                  "type": "select",
                  "widget": "html5",
                  "input": true,
                  "tableView": true,
                  "validate": {
                    "required": true
                  },
                  "data": {
                    "values": [
                      {
                        "label": "Corrective",
                        "value": "corrective"
                      },
                      {
                        "label": "Preventive",
                        "value": "preventive"
                      },
                      {
                        "label": "Task",
                        "value": "task"
                      }
                    ]
                  },
                  "labelWidth": 30,
                  "labelMargin": 3
                },
                {
                  "label": "Priority",
                  "key": "priority",
                  "type": "select",
                  "widget": "html5",
                  "input": true,
                  "tableView": true,
                  "defaultValue": "low",
                  "validate": {
                    "required": true
                  },
                  "data": {
                    "values": [
                      {
                        "label": "Low",
                        "value": "low"
                      },
                      {
                        "label": "Medium",
                        "value": "medium"
                      },
                      {
                        "label": "High",
                        "value": "high"
                      }
                    ]
                  },
                  "labelWidth": 30,
                  "labelMargin": 3
                },
                {
                  "label": "Assigned To",
                  "key": "assignedTo",
                  "type": "account",
                  "widget": "choicesjs",
                  "multiple": true,
                  "input": true,
                  "tableView": true,
                  "validate": {
                    "required": true
                  },
                  "data": {
                    "values": []
                  },
                  "labelWidth": 30,
                  "labelMargin": 3
                }
              ]
            }
          ]
        },
        {
          "label": "Actions",
          "labelWidth": 30,
          "labelMargin": 3,
          "inline": true,
          "hideLabel": true,
          "optionsLabelPosition": "right",
          "tableView": false,
          "reportable": true,
          "key": "actions5",
          "type": "selectboxes",
          "inputType": "checkbox",
          "input": true,
          "values": [
            {
              "label": "Comments",
              "value": "comments"
            },
            {
              "label": "Photos",
              "value": "photos"
            },
            {
              "label": "Task",
              "value": "task"
            }
          ],
          "defaultValue": {
            "comments": false,
            "photos": false,
            "task": false
          }
        }
      ],
      "conditional": {
        "when": "inspecting",
        "eq": "personalProtection",
        "show": true
      }
    },
    {
      "label": "MSDS & Hazardous Waste",
      "hideLabel": false,
      "key": "msdshazardouswaste",
      "type": "fieldset",
      "input": false,
      "tableView": false,
      "reportable": true,
      "validate": {
        "required": true
      },
      "legend": "MSDS & Hazardous Waste",
      "components": [
        {
          "label": "G - MSDS & Hazardous Waste",
          "labelWidth": 30,
          "labelMargin": 3,
          "hideLabel": true,
          "tableView": true,
          "reportable": true,
          "questions": [
            {
              "label": "Hazardous materials labelled",
              "value": "hazardousMaterialsLabelled"
            },
            {
              "label": "MSDS accessible (shared safety folder on computer)",
              "value": "msdsAccessibleSharedSafetyFolderOnComputer"
            },
            {
              "label": "Hazardous waste in designated areas",
              "value": "hazardousWasteInDesignatedAreas"
            },
            {
              "label": "WHMIS labels on products as required",
              "value": "whmisLabelsOnProductsAsRequired"
            }
          ],
          "values": [
            {
              "label": "Safe",
              "value": "safe",
              "tooltip": "",
              "flag": "success"
            },
            {
              "label": "At Risk",
              "value": "atRisk",
              "tooltip": "",
              "flag": "danger"
            },
            {
              "label": "NA",
              "value": "na",
              "tooltip": "",
              "flag": ""
            }
          ],
          "validate": {
            "required": true
          },
          "key": "gmsdshazardouswaste",
          "type": "survey",
          "input": true,
          "_actionsDriverKey": "actions6"
        },
        {
          "label": "Comments",
          "labelWidth": 30,
          "labelMargin": 3,
          "autoExpand": true,
          "tableView": true,
          "reportable": true,
          "validate": {
            "required": true
          },
          "key": "comments6",
          "type": "textarea",
          "input": true,
          "conditional": {
            "show": true,
            "when": "actions6",
            "eq": "comments"
          }
        },
        {
          "label": "Photos",
          "labelWidth": 30,
          "labelMargin": 3,
          "hideLabel": true,
          "tableView": false,
          "fileTypes": [
            {
              "label": "",
              "value": ""
            }
          ],
          "imageSize": "400",
          "key": "photos6",
          "type": "file",
          "input": true,
          "validate": {
            "required": true
          },
          "conditional": {
            "show": true,
            "when": "actions6",
            "eq": "photos"
          }
        },
        {
          "label": "Tasks",
          "key": "tasksgroup6",
          "type": "fieldset",
          "input": false,
          "tableView": false,
          "hideLabel": true,
          "conditional": {
            "show": true,
            "when": "actions6",
            "eq": "task"
          },
          "components": [
            {
              "label": "Tasks",
              "labelWidth": 30,
              "labelMargin": 3,
              "hideLabel": true,
              "tableView": false,
              "key": "tasks6",
              "type": "tasks",
              "input": true,
              "defaultOpen": true,
              "data": {},
              "taskTriggers": [],
              "components": [
                {
                  "label": "Name",
                  "key": "title",
                  "type": "textfield",
                  "input": true,
                  "tableView": true,
                  "validate": {
                    "required": true
                  },
                  "labelWidth": 30,
                  "labelMargin": 3
                },
                {
                  "label": "Type",
                  "key": "type",
                  "type": "select",
                  "widget": "html5",
                  "input": true,
                  "tableView": true,
                  "validate": {
                    "required": true
                  },
                  "data": {
                    "values": [
                      {
                        "label": "Corrective",
                        "value": "corrective"
                      },
                      {
                        "label": "Preventive",
                        "value": "preventive"
                      },
                      {
                        "label": "Task",
                        "value": "task"
                      }
                    ]
                  },
                  "labelWidth": 30,
                  "labelMargin": 3
                },
                {
                  "label": "Priority",
                  "key": "priority",
                  "type": "select",
                  "widget": "html5",
                  "input": true,
                  "tableView": true,
                  "defaultValue": "low",
                  "validate": {
                    "required": true
                  },
                  "data": {
                    "values": [
                      {
                        "label": "Low",
                        "value": "low"
                      },
                      {
                        "label": "Medium",
                        "value": "medium"
                      },
                      {
                        "label": "High",
                        "value": "high"
                      }
                    ]
                  },
                  "labelWidth": 30,
                  "labelMargin": 3
                },
                {
                  "label": "Assigned To",
                  "key": "assignedTo",
                  "type": "account",
                  "widget": "choicesjs",
                  "multiple": true,
                  "input": true,
                  "tableView": true,
                  "validate": {
                    "required": true
                  },
                  "data": {
                    "values": []
                  },
                  "labelWidth": 30,
                  "labelMargin": 3
                }
              ]
            }
          ]
        },
        {
          "label": "Actions",
          "labelWidth": 30,
          "labelMargin": 3,
          "inline": true,
          "hideLabel": true,
          "optionsLabelPosition": "right",
          "tableView": false,
          "reportable": true,
          "key": "actions6",
          "type": "selectboxes",
          "inputType": "checkbox",
          "input": true,
          "values": [
            {
              "label": "Comments",
              "value": "comments"
            },
            {
              "label": "Photos",
              "value": "photos"
            },
            {
              "label": "Task",
              "value": "task"
            }
          ],
          "defaultValue": {
            "comments": false,
            "photos": false,
            "task": false
          }
        }
      ],
      "conditional": {
        "when": "inspecting",
        "eq": "msdsHazardousWaste",
        "show": true
      }
    },
    {
      "label": "Personnel",
      "hideLabel": false,
      "key": "personnel",
      "type": "fieldset",
      "input": false,
      "tableView": false,
      "reportable": true,
      "validate": {
        "required": true
      },
      "legend": "Personnel",
      "components": [
        {
          "label": "H - Personnel",
          "labelWidth": 30,
          "labelMargin": 3,
          "hideLabel": true,
          "tableView": true,
          "reportable": true,
          "questions": [
            {
              "label": "Proper lifting techniques used",
              "value": "properLiftingTechniquesUsed"
            },
            {
              "label": "Safety training complete",
              "value": "safetyTrainingComplete"
            },
            {
              "label": "Safe work practices( in place, being observed)",
              "value": "safeWorkPracticesInPlaceBeingObserved"
            },
            {
              "label": "Job procedures (in place, being observed)",
              "value": "jobProceduresInPlaceBeingObserved"
            },
            {
              "label": "Proper PPE usage",
              "value": "properPpeUsage"
            }
          ],
          "values": [
            {
              "label": "Safe",
              "value": "safe",
              "tooltip": "",
              "flag": "success"
            },
            {
              "label": "At Risk",
              "value": "atRisk",
              "tooltip": "",
              "flag": "danger"
            },
            {
              "label": "NA",
              "value": "na",
              "tooltip": "",
              "flag": ""
            }
          ],
          "validate": {
            "required": true
          },
          "key": "hpersonnel",
          "type": "survey",
          "input": true,
          "_actionsDriverKey": "actions7"
        },
        {
          "label": "Comments",
          "labelWidth": 30,
          "labelMargin": 3,
          "autoExpand": true,
          "tableView": true,
          "reportable": true,
          "validate": {
            "required": true
          },
          "key": "comments7",
          "type": "textarea",
          "input": true,
          "conditional": {
            "show": true,
            "when": "actions7",
            "eq": "comments"
          }
        },
        {
          "label": "Photos",
          "labelWidth": 30,
          "labelMargin": 3,
          "hideLabel": true,
          "tableView": false,
          "fileTypes": [
            {
              "label": "",
              "value": ""
            }
          ],
          "imageSize": "400",
          "key": "photos7",
          "type": "file",
          "input": true,
          "validate": {
            "required": true
          },
          "conditional": {
            "show": true,
            "when": "actions7",
            "eq": "photos"
          }
        },
        {
          "label": "Tasks",
          "key": "tasksgroup7",
          "type": "fieldset",
          "input": false,
          "tableView": false,
          "hideLabel": true,
          "conditional": {
            "show": true,
            "when": "actions7",
            "eq": "task"
          },
          "components": [
            {
              "label": "Tasks",
              "labelWidth": 30,
              "labelMargin": 3,
              "hideLabel": true,
              "tableView": false,
              "key": "tasks7",
              "type": "tasks",
              "input": true,
              "defaultOpen": true,
              "data": {},
              "taskTriggers": [],
              "components": [
                {
                  "label": "Name",
                  "key": "title",
                  "type": "textfield",
                  "input": true,
                  "tableView": true,
                  "validate": {
                    "required": true
                  },
                  "labelWidth": 30,
                  "labelMargin": 3
                },
                {
                  "label": "Type",
                  "key": "type",
                  "type": "select",
                  "widget": "html5",
                  "input": true,
                  "tableView": true,
                  "validate": {
                    "required": true
                  },
                  "data": {
                    "values": [
                      {
                        "label": "Corrective",
                        "value": "corrective"
                      },
                      {
                        "label": "Preventive",
                        "value": "preventive"
                      },
                      {
                        "label": "Task",
                        "value": "task"
                      }
                    ]
                  },
                  "labelWidth": 30,
                  "labelMargin": 3
                },
                {
                  "label": "Priority",
                  "key": "priority",
                  "type": "select",
                  "widget": "html5",
                  "input": true,
                  "tableView": true,
                  "defaultValue": "low",
                  "validate": {
                    "required": true
                  },
                  "data": {
                    "values": [
                      {
                        "label": "Low",
                        "value": "low"
                      },
                      {
                        "label": "Medium",
                        "value": "medium"
                      },
                      {
                        "label": "High",
                        "value": "high"
                      }
                    ]
                  },
                  "labelWidth": 30,
                  "labelMargin": 3
                },
                {
                  "label": "Assigned To",
                  "key": "assignedTo",
                  "type": "account",
                  "widget": "choicesjs",
                  "multiple": true,
                  "input": true,
                  "tableView": true,
                  "validate": {
                    "required": true
                  },
                  "data": {
                    "values": []
                  },
                  "labelWidth": 30,
                  "labelMargin": 3
                }
              ]
            }
          ]
        },
        {
          "label": "Actions",
          "labelWidth": 30,
          "labelMargin": 3,
          "inline": true,
          "hideLabel": true,
          "optionsLabelPosition": "right",
          "tableView": false,
          "reportable": true,
          "key": "actions7",
          "type": "selectboxes",
          "inputType": "checkbox",
          "input": true,
          "values": [
            {
              "label": "Comments",
              "value": "comments"
            },
            {
              "label": "Photos",
              "value": "photos"
            },
            {
              "label": "Task",
              "value": "task"
            }
          ],
          "defaultValue": {
            "comments": false,
            "photos": false,
            "task": false
          }
        }
      ],
      "conditional": {
        "when": "inspecting",
        "eq": "personnel",
        "show": true
      }
    },
    {
      "html": "<p>*IF ANY DEFICIENCIES FOUND, USE CORRECTIVE ACTION REPORT*</p>",
      "label": "*IF ANY DEFICIENCIES FOUND, USE CORRECTIVE ACTION REPORT*",
      "labelWidth": 30,
      "labelMargin": 3,
      "refreshOnChange": false,
      "key": "ifanydeficienciesfoundusecorrectiveactionreport",
      "type": "content",
      "customType": "disclaimer",
      "input": false,
      "tableView": false,
      "validate": {
        "required": true
      }
    }
  ]
}