{
  "label": "Grouping",
  "key": "grouping",
  "type": "fieldset",
  "input": false,
  "tableView": false,
  "components": [
    {
      "label": "Empower IT – Prior to first day",
      "hideLabel": false,
      "key": "empoweritpriortofirstday",
      "type": "fieldset",
      "input": false,
      "tableView": false,
      "reportable": true,
      "validate": {
        "required": false
      },
      "legend": "Empower IT – Prior to first day",
      "components": [
        {
          "label": "Empower IT – Prior to first day",
          "labelWidth": 30,
          "labelMargin": 3,
          "hideLabel": true,
          "tableView": true,
          "reportable": true,
          "questions": [
            {
              "label": "First and Last name",
              "value": "firstAndLastName"
            },
            {
              "label": "Department i.e. Field Tech",
              "value": "departmentIEFieldTech"
            },
            {
              "label": "Start date",
              "value": "startDate"
            },
            {
              "label": "Email address",
              "value": "emailAddress"
            },
            {
              "label": "Access to printer",
              "value": "accessToPrinter"
            },
            {
              "label": "Access to Office 365",
              "value": "accessToOffice365"
            }
          ],
          "values": [
            {
              "label": "Yes",
              "value": "yes",
              "tooltip": "",
              "flag": ""
            },
            {
              "label": "No",
              "value": "no",
              "tooltip": "",
              "flag": ""
            },
            {
              "label": "NA",
              "value": "na",
              "tooltip": "",
              "flag": ""
            }
          ],
          "validate": {
            "required": true
          },
          "key": "empoweritpriortofirstday1",
          "type": "survey",
          "input": true
        }
      ]
    },
    {
      "label": "Accounting – Prior to first day",
      "hideLabel": false,
      "key": "accountingpriortofirstday",
      "type": "fieldset",
      "input": false,
      "tableView": false,
      "reportable": true,
      "validate": {
        "required": false
      },
      "legend": "Accounting – Prior to first day",
      "components": [
        {
          "label": "Accounting – Prior to first day",
          "labelWidth": 30,
          "labelMargin": 3,
          "hideLabel": true,
          "tableView": true,
          "reportable": true,
          "questions": [
            {
              "label": "Offer of Employment-Signed",
              "value": "offerOfEmploymentSigned"
            },
            {
              "label": "Credit Card (Full time)",
              "value": "creditCardFullTime"
            },
            {
              "label": "Schedule Benefits (if applicable)",
              "value": "scheduleBenefitsIfApplicable"
            },
            {
              "label": "Completed Tax forms Void Cheque for payroll Access to Business Central",
              "value": "completedTaxFormsVoidChequeForPayrollAccessToBusinessCentral"
            },
            {
              "label": "Set up as Employee Set up as Resource",
              "value": "setUpAsEmployeeSetUpAsResource"
            },
            {
              "label": "Set up as Vendor",
              "value": "setUpAsVendor"
            },
            {
              "label": "Access to CRM (Project Manager)",
              "value": "accessToCrmProjectManager"
            },
            {
              "label": "Moniroo",
              "value": "moniroo"
            },
            {
              "label": "Access to PowerBI",
              "value": "accessToPowerBi"
            }
          ],
          "values": [
            {
              "label": "Yes",
              "value": "yes",
              "tooltip": "",
              "flag": ""
            },
            {
              "label": "No",
              "value": "no",
              "tooltip": "",
              "flag": ""
            },
            {
              "label": "NA",
              "value": "na",
              "tooltip": "",
              "flag": ""
            }
          ],
          "validate": {
            "required": true
          },
          "key": "accountingpriortofirstday1",
          "type": "survey",
          "input": true
        }
      ]
    },
    {
      "label": "Office Administration – first day",
      "hideLabel": false,
      "key": "officeadministrationfirstday",
      "type": "fieldset",
      "input": false,
      "tableView": false,
      "reportable": true,
      "validate": {
        "required": false
      },
      "legend": "Office Administration – first day",
      "components": [
        {
          "label": "OƯice Administration – first day",
          "labelWidth": 30,
          "labelMargin": 3,
          "hideLabel": true,
          "tableView": true,
          "reportable": true,
          "questions": [
            {
              "label": "Excess Hours, Cannabis Agreements",
              "value": "excessHoursCannabisAgreements"
            },
            {
              "label": "Vertex Employee Policy Manual",
              "value": "vertexEmployeePolicyManual"
            },
            {
              "label": "Added to Rogers",
              "value": "addedToRogers"
            },
            {
              "label": "Added to staff phone list",
              "value": "addedToStaffPhoneList"
            },
            {
              "label": "Added to Sales Professional",
              "value": "addedToSalesProfessional"
            },
            {
              "label": "Added to Microsoft Teams / Resource Guru",
              "value": "addedToMicrosoftTeamsResourceGuru"
            },
            {
              "label": "Cell phone/ VM set up",
              "value": "cellPhoneVmSetUp"
            },
            {
              "label": "Alarm Code set up",
              "value": "alarmCodeSetUp"
            },
            {
              "label": "Clothing Voucher",
              "value": "clothingVoucher"
            },
            {
              "label": "Driver's license copy / Add to drivers' insurance (list)",
              "value": "driversLicenseCopyAddToDriversInsuranceList"
            },
            {
              "label": "Photo for Employee (ERP)",
              "value": "photoForEmployeeErp"
            },
            {
              "label": "Schedule 3 month check-in/review",
              "value": "schedule3MonthCheckInReview"
            },
            {
              "label": "Add to Distribution list",
              "value": "addToDistributionList"
            }
          ],
          "values": [
            {
              "label": "Yes",
              "value": "yes",
              "tooltip": "",
              "flag": ""
            },
            {
              "label": "No",
              "value": "no",
              "tooltip": "",
              "flag": ""
            },
            {
              "label": "NA",
              "value": "na",
              "tooltip": "",
              "flag": ""
            }
          ],
          "validate": {
            "required": true
          },
          "key": "oiceadministrationfirstday",
          "type": "survey",
          "input": true
        }
      ]
    },
    {
      "label": "General H&S Training – Prior to first day",
      "hideLabel": false,
      "key": "generalhstrainingpriortofirstday",
      "type": "fieldset",
      "input": false,
      "tableView": false,
      "reportable": true,
      "validate": {
        "required": false
      },
      "legend": "General H&S Training – Prior to first day",
      "components": [
        {
          "label": "General H&S Training – Prior to first day",
          "labelWidth": 30,
          "labelMargin": 3,
          "hideLabel": true,
          "tableView": true,
          "reportable": true,
          "questions": [
            {
              "label": "General H&S Policy Manual",
              "value": "generalHSPolicyManual"
            },
            {
              "label": "WHMIS training log in/password",
              "value": "whmisTrainingLogInPassword"
            },
            {
              "label": "TDG training log in/password",
              "value": "tdgTrainingLogInPassword"
            },
            {
              "label": "Health and Safety Awareness Training (Worker)",
              "value": "healthAndSafetyAwarenessTrainingWorker"
            },
            {
              "label": "Ladder training",
              "value": "ladderTraining"
            },
            {
              "label": "Electrical Safety",
              "value": "electricalSafety"
            },
            {
              "label": "AODA",
              "value": "aoda"
            },
            {
              "label": "Monitoring - PID, YSI, Water level Tape, Drager Spills Training (sign off sheet)",
              "value": "monitoringPidYsiWaterLevelTapeDragerSpillsTrainingSignOffSheet"
            },
            {
              "label": "Review Safety Alerts",
              "value": "reviewSafetyAlerts"
            }
          ],
          "values": [
            {
              "label": "Yes",
              "value": "yes",
              "tooltip": "",
              "flag": ""
            },
            {
              "label": "No",
              "value": "no",
              "tooltip": "",
              "flag": ""
            },
            {
              "label": "NA",
              "value": "na",
              "tooltip": "",
              "flag": ""
            }
          ],
          "validate": {
            "required": true
          },
          "key": "generalhstrainingpriortofirstday1",
          "type": "survey",
          "input": true
        }
      ]
    },
    {
      "label": "Shop Training – First week of in-person hire",
      "hideLabel": false,
      "key": "shoptrainingfirstweekofinpersonhire",
      "type": "fieldset",
      "input": false,
      "tableView": false,
      "reportable": true,
      "validate": {
        "required": false
      },
      "legend": "Shop Training – First week of in-person hire",
      "components": [
        {
          "label": "Shop Training – First week of in-person hire",
          "labelWidth": 30,
          "labelMargin": 3,
          "hideLabel": true,
          "tableView": true,
          "reportable": true,
          "questions": [
            {
              "label": "Tour of facility and Assigned locker",
              "value": "tourOfFacilityAndAssignedLocker"
            },
            {
              "label": "Trailer / Office key / Gate Operations/Code",
              "value": "trailerOfficeKeyGateOperationsCode"
            },
            {
              "label": "Fire Prevention and Protection/Emergency Plan",
              "value": "firePreventionAndProtectionEmergencyPlan"
            },
            {
              "label": "Respirator Fit Test & Forms (R)",
              "value": "respiratorFitTestFormsR"
            },
            {
              "label": "Eye wash station/bottles",
              "value": "eyeWashStationBottles"
            },
            {
              "label": "Understanding / reviewing SDS",
              "value": "understandingReviewingSds"
            },
            {
              "label": "Microsoft Teams (Uploading notes, memo, H&S)",
              "value": "microsoftTeamsUploadingNotesMemoHS"
            },
            {
              "label": "Field Log Training (Google Docs)",
              "value": "fieldLogTrainingGoogleDocs"
            },
            {
              "label": "Moniroo procedure (Hours, Time off Request, Expenses Samsara Training (videos reviewed / email from Shop Trainer)",
              "value": "monirooProcedureHoursTimeOffRequestExpensesSamsaraTrainingVideosReviewedEmailFromShopTrainer"
            },
            {
              "label": "Samsara / truck / trailer inspections / Driving Test",
              "value": "samsaraTruckTrailerInspectionsDrivingTest"
            },
            {
              "label": "Trailer Hook Up (Ball or Pintle Hitch)",
              "value": "trailerHookUpBallOrPintleHitch"
            },
            {
              "label": "Hand tool knowledge",
              "value": "handToolKnowledge"
            },
            {
              "label": "Injection Lines (Oxidant / BOS - whip checks) (R)",
              "value": "injectionLinesOxidantBosWhipChecksR"
            },
            {
              "label": "Sump Pump (R) (S) Electric diaphragm pump (R)",
              "value": "sumpPumpRSElectricDiaphragmPumpR"
            },
            {
              "label": "Generator (R) (S) (DW)",
              "value": "generatorRSDw"
            },
            {
              "label": "Pressure Release Valves (R) (S)",
              "value": "pressureReleaseValvesRS"
            },
            {
              "label": "Injection Ports (S)",
              "value": "injectionPortsS"
            },
            {
              "label": "Swivels (1.25\" and 2.25\") (R) |",
              "value": "swivels125And225R"
            },
            {
              "label": "Bag filters and Vessels (S)",
              "value": "bagFiltersAndVesselsS"
            }
          ],
          "values": [
            {
              "label": "Yes",
              "value": "yes",
              "tooltip": "",
              "flag": ""
            },
            {
              "label": "No",
              "value": "no",
              "tooltip": "",
              "flag": ""
            },
            {
              "label": "NA",
              "value": "na",
              "tooltip": "",
              "flag": ""
            }
          ],
          "validate": {
            "required": true
          },
          "key": "shoptrainingfirstweekofinpersonhire1",
          "type": "survey",
          "input": true
        }
      ]
    },
    {
      "html": "<p>R = Remediation S = Systems DW = Dewatering</p>",
      "label": "Disclaimer",
      "labelWidth": 30,
      "labelMargin": 3,
      "refreshOnChange": false,
      "key": "disclaimer",
      "type": "content",
      "customType": "disclaimer",
      "input": false,
      "tableView": false,
      "validate": {
        "required": false
      }
    }
  ]
}